datetime,Actual,Predicted,Error
2005-01-16 14:00:00,0.7,0.9887426721707756,-0.28874267217077565
2005-01-16 15:00:00,1.1,0.9982983472176011,0.10170165278239895
2005-01-16 16:00:00,1.1,1.4537612965333861,-0.35376129653338606
2005-01-16 17:00:00,1.2,1.354686700236164,-0.15468670023616404
2005-01-16 18:00:00,2.0,1.4176261067745506,0.5823738932254494
2005-01-16 19:00:00,2.2,2.396865809530629,-0.19686580953062904
2005-01-16 20:00:00,1.5,1.9441982702967535,-0.4441982702967535
2005-01-16 21:00:00,1.2,1.4018907863722807,-0.20189078637228075
2005-01-16 22:00:00,1.5,1.2503540205373402,0.24964597946265976
2005-01-16 23:00:00,1.4,1.6515890292725923,-0.2515890292725924
2005-01-17 00:00:00,1.2,1.068669578657507,0.13133042134249306
2005-01-17 01:00:00,1.0,0.9687798250273507,0.031220174972649284
2005-01-17 02:00:00,0.6,0.8431438492723907,-0.24314384927239074
2005-01-17 03:00:00,0.7,0.6565921855544037,0.04340781444559627
2005-01-17 04:00:00,0.5,0.653386690805439,-0.15338669080543899
2005-01-17 05:00:00,0.7,0.6936326889931459,0.0063673110068540595
2005-01-17 06:00:00,1.0,1.9175775273301305,-0.9175775273301305
2005-01-17 07:00:00,3.0,1.7756497362568044,1.2243502637431956
2005-01-17 08:00:00,4.1,3.912994830230931,0.18700516976906867
2005-01-17 09:00:00,3.1,3.1207020205611724,-0.02070202056117232
2005-01-17 10:00:00,3.8,2.771909099501993,1.028090900498007
2005-01-17 11:00:00,2.7,3.3642040708480723,-0.6642040708480721
2005-01-17 12:00:00,3.1,2.6418588141922155,0.4581411858077846
2005-01-17 13:00:00,3.1,3.233185593553436,-0.13318559355343584
2005-01-17 14:00:00,3.2,3.2174958907740794,-0.017495890774079204
2005-01-17 15:00:00,3.3,3.4149806052605403,-0.11498060526054044
2005-01-17 16:00:00,4.0,3.4494429916596427,0.5505570083403573
2005-01-17 17:00:00,8.6,4.941772547139008,3.6582274528609915
2005-01-17 18:00:00,8.7,6.989931360622724,1.7100686393772753
2005-01-17 19:00:00,3.6,5.560770664799665,-1.9607706647996648
2005-01-17 20:00:00,3.0,2.7412794223488732,0.25872057765112677
2005-01-17 21:00:00,1.9,2.3052146943092104,-0.40521469430921053
2005-01-17 22:00:00,1.9,1.8182021554160073,0.08179784458399264
2005-01-17 23:00:00,1.6,1.7966134539703977,-0.19661345397039764
2005-01-18 00:00:00,1.4,1.344110680112219,0.05588931988778101
2005-01-18 01:00:00,1.0,1.1319656742328779,-0.13196567423287786
2005-01-18 02:00:00,0.7,0.8854839788556081,-0.1854839788556082
2005-01-18 03:00:00,0.7,0.7144354475237927,-0.014435447523792777
2005-01-18 04:00:00,0.8,0.7033023694848621,0.09669763051513791
2005-01-18 05:00:00,0.9,1.0436480266702726,-0.14364802667027254
2005-01-18 06:00:00,1.5,1.8926903088535567,-0.3926903088535567
2005-01-18 07:00:00,3.1,3.0533590728866735,0.04664092711332657
2005-01-18 08:00:00,5.1,3.9727249174353947,1.127275082564605
2005-01-18 09:00:00,5.8,4.416107332222157,1.3838926677778431
2005-01-18 10:00:00,3.8,5.021434265317551,-1.2214342653175514
2005-01-18 11:00:00,4.4,3.217691576633081,1.1823084233669192
2005-01-18 12:00:00,4.9,4.978352410887718,-0.07835241088771738
2005-01-18 13:00:00,5.2,5.548407128245147,-0.34840712824514686
2005-01-18 14:00:00,4.6,5.656112681597294,-1.0561126815972948
2005-01-18 15:00:00,4.8,5.247282188612188,-0.4472821886121885
2005-01-18 16:00:00,4.9,6.5002815509949965,-1.6002815509949961
2005-01-18 17:00:00,4.9,6.502922670171412,-1.6029226701714112
2005-01-18 18:00:00,5.5,6.051212359787693,-0.5512123597876926
2005-01-18 19:00:00,4.2,5.660407138460227,-1.4604071384602264
2005-01-18 20:00:00,1.5,3.878229618174684,-2.378229618174684
2005-01-18 21:00:00,0.1,1.6003043815822777,-1.5003043815822776
2005-01-18 22:00:00,0.2,0.6693308774755978,-0.4693308774755978
2005-01-18 23:00:00,0.9,1.2069570841389314,-0.3069570841389314
2005-01-19 00:00:00,1.0,1.2126931888627581,-0.21269318886275812
2005-01-19 01:00:00,0.4,0.9293576609474388,-0.5293576609474387
2005-01-19 02:00:00,0.4,0.5949950039557402,-0.1949950039557402
2005-01-19 03:00:00,0.4,0.6264229255753452,-0.22642292557534516
2005-01-19 04:00:00,0.4,0.3987153563629671,0.0012846436370329006
2005-01-19 05:00:00,0.4,0.8250312328022071,-0.4250312328022071
2005-01-19 06:00:00,0.1,0.9583051698502617,-0.8583051698502617
2005-01-19 07:00:00,0.7,1.0041024232860352,-0.3041024232860352
2005-01-19 08:00:00,1.2,2.018647155102141,-0.818647155102141
2005-01-19 09:00:00,0.2,1.5869739333394892,-1.3869739333394893
2005-01-19 10:00:00,0.2,0.6638999233470783,-0.46389992334707825
2005-01-19 11:00:00,0.2,0.6372956573454589,-0.4372956573454589
2005-01-19 12:00:00,0.3,0.6757016601474058,-0.37570166014740586
2005-01-19 13:00:00,0.6,0.9305547001630009,-0.3305547001630009
2005-01-19 14:00:00,0.2,1.219199512351893,-1.019199512351893
2005-01-19 15:00:00,0.2,0.8698375880359503,-0.6698375880359504
2005-01-19 16:00:00,0.7,0.8508919122172739,-0.15089191221727394
2005-01-19 17:00:00,1.8,1.2368212003283876,0.5631787996716124
2005-01-19 18:00:00,2.2,2.6491590457922376,-0.4491590457922374
2005-01-19 19:00:00,2.3,1.989557456992369,0.31044254300763074
2005-01-19 20:00:00,2.6,1.9758587736254662,0.6241412263745338
2005-01-19 21:00:00,1.1,2.073368498203724,-0.9733684982037238
2005-01-19 22:00:00,1.2,1.0917516559645295,0.10824834403547046
2005-01-19 23:00:00,1.8,1.8075773044435746,-0.007577304443574517
2005-01-20 00:00:00,1.1,1.6980543973540767,-0.5980543973540766
2005-01-20 01:00:00,0.9,0.8558587473646273,0.04414125263537272
2005-01-20 02:00:00,0.7,0.6856647953366536,0.014335204663346368
2005-01-20 03:00:00,0.6,0.6708061764406794,-0.07080617644067944
2005-01-20 04:00:00,0.6,0.5705274056880966,0.02947259431190341
2005-01-20 05:00:00,0.9,0.7627467161787542,0.1372532838212458
2005-01-20 06:00:00,1.0,2.130353821773667,-1.1303538217736668
2005-01-20 07:00:00,3.4,1.6199738398365258,1.7800261601634741
2005-01-20 08:00:00,4.2,4.453816278682287,-0.2538162786822866
2005-01-20 09:00:00,4.4,3.766815138187113,0.6331848618128872
2005-01-20 10:00:00,2.9,3.780760774903629,-0.8807607749036293
2005-01-20 11:00:00,2.6,2.4444923404656755,0.15550765953432455
2005-01-20 12:00:00,2.6,2.6792568137760444,-0.07925681377604432
2005-01-20 13:00:00,3.0,2.655108438197352,0.344891561802648
2005-01-20 14:00:00,2.3,2.7244247170953124,-0.4244247170953126
2005-01-20 15:00:00,3.0,2.5481070721601657,0.45189292783983426
2005-01-20 16:00:00,4.5,3.6913197702806047,0.8086802297193953
2005-01-20 17:00:00,6.0,4.99858816944811,1.0014118305518904
2005-01-20 18:00:00,4.3,5.748107149470958,-1.4481071494709585
2005-01-20 19:00:00,3.4,3.8827121585655537,-0.48271215856555383
2005-01-20 20:00:00,2.8,2.780123933626033,0.019876066373966772
2005-01-20 21:00:00,2.1,2.345618714829565,-0.24561871482956477
2005-01-20 22:00:00,1.7,1.9934400440008953,-0.2934400440008953
2005-01-20 23:00:00,1.8,1.6974128766588532,0.10258712334114684
2005-01-21 00:00:00,1.6,1.5838285864345856,0.016171413565414516
2005-01-21 01:00:00,1.4,1.4360052834770616,-0.03600528347706167
2005-01-21 02:00:00,1.3,1.1730073345898062,0.12699266541019383
2005-01-21 03:00:00,1.3,1.2276287376644819,0.07237126233551816
2005-01-21 04:00:00,1.3,1.3616641878090994,-0.061664187809099325
2005-01-21 05:00:00,1.6,1.807356378380784,-0.2073563783807839
2005-01-21 06:00:00,2.4,2.8343720990588253,-0.43437209905882534
2005-01-21 07:00:00,4.5,3.201284792368387,1.2987152076316129
2005-01-21 08:00:00,5.7,4.432913415419105,1.2670865845808947
2005-01-21 09:00:00,4.3,4.919709638925752,-0.6197096389257526
2005-01-21 10:00:00,4.2,3.484086596885549,0.7159134031144512
2005-01-21 11:00:00,4.5,4.264168657559272,0.23583134244072834
2005-01-21 12:00:00,5.0,4.814593570940841,0.18540642905915927
2005-01-21 13:00:00,2.9,5.310854531385038,-2.4108545313850382
2005-01-21 14:00:00,3.0,2.8221252186809687,0.17787478131903134
2005-01-21 15:00:00,3.3,3.5667594765131825,-0.26675947651318266
2005-01-21 16:00:00,1.4,3.993725494880273,-2.5937254948802733
2005-01-21 17:00:00,2.3,2.594353647797147,-0.2943536477971471
2005-01-21 18:00:00,1.6,3.300893148359785,-1.7008931483597851
2005-01-21 19:00:00,4.9,2.23776107304921,2.6622389269507902
2005-01-21 20:00:00,6.4,5.378781380441015,1.0212186195589856
2005-01-21 21:00:00,3.5,4.757910336828167,-1.257910336828167
2005-01-21 22:00:00,1.7,2.9779922916243415,-1.2779922916243416
2005-01-21 23:00:00,2.6,1.7483391812625944,0.8516608187374057
2005-01-22 00:00:00,1.6,2.247201896705161,-0.6472018967051607
2005-01-22 01:00:00,1.5,1.4017654181486456,0.09823458185135436
2005-01-22 02:00:00,0.9,1.62934281754099,-0.7293428175409901
2005-01-22 03:00:00,0.5,1.264662436913454,-0.764662436913454
2005-01-22 04:00:00,0.9,0.7794308834065584,0.1205691165934416
2005-01-22 05:00:00,0.4,1.6677076647175322,-1.2677076647175323
2005-01-22 06:00:00,0.5,1.4095753053262152,-0.9095753053262152
2005-01-22 07:00:00,0.8,1.4463990698841063,-0.6463990698841062
2005-01-22 08:00:00,1.4,1.6405241903585317,-0.2405241903585318
2005-01-22 09:00:00,1.6,2.3525542174083216,-0.7525542174083215
2005-01-22 10:00:00,1.5,1.9901403940775972,-0.49014039407759724
2005-01-22 11:00:00,1.0,1.8093252426856945,-0.8093252426856945
2005-01-22 12:00:00,1.0,1.8131114024961255,-0.8131114024961255
2005-01-22 13:00:00,1.3,1.7807960370976363,-0.4807960370976363
2005-01-22 14:00:00,0.1,1.9240808353407208,-1.8240808353407207
2005-01-22 15:00:00,0.1,1.3613242621888904,-1.2613242621888903
2005-01-22 16:00:00,0.1,0.8739491538022609,-0.7739491538022609
2005-01-22 17:00:00,0.1,1.5388339890275688,-1.4388339890275688
2005-01-22 18:00:00,0.4,1.4964670669453028,-1.0964670669453027
2005-01-22 19:00:00,0.7,1.6393932168248568,-0.9393932168248569
2005-01-22 20:00:00,2.7,1.2448954444296674,1.4551045555703328
2005-01-22 21:00:00,2.1,2.686649862216704,-0.5866498622167038
2005-01-22 22:00:00,1.3,1.7263190360033078,-0.4263190360033078
2005-01-22 23:00:00,0.8,1.4993828411566612,-0.6993828411566612
2005-01-23 00:00:00,0.8,0.9040505230513347,-0.10405052305133466
2005-01-23 01:00:00,0.8,0.7478154295671794,0.052184570432820654
2005-01-23 02:00:00,0.8,0.7584857220668413,0.04151427793315876
2005-01-23 03:00:00,0.8,0.8162762408733845,-0.016276240873384418
2005-01-23 04:00:00,0.8,0.7495411719059124,0.05045882809408764
2005-01-23 05:00:00,0.8,0.966415135746031,-0.16641513574603095
2005-01-23 06:00:00,2.1265288649706457,1.1235111840328327,1.003017680937813
2005-01-23 07:00:00,2.1265288649706457,2.373428594086413,-0.2468997291157673
2005-01-23 08:00:00,2.1265288649706457,1.9782500674389232,0.14827879753172257
2005-01-23 09:00:00,2.1265288649706457,2.104303766251974,0.02222509871867162
2005-01-23 10:00:00,2.1265288649706457,2.1310877600323077,-0.004558895061661961
2005-01-23 11:00:00,2.1265288649706457,2.073946470996873,0.052582393973772845
2005-01-23 12:00:00,2.1265288649706457,2.246153004913825,-0.11962413994317922
2005-01-23 13:00:00,2.1265288649706457,2.125113266502321,0.0014155984683248413
2005-01-23 14:00:00,2.1265288649706457,2.0986824896877883,0.027846375282857494
2005-01-23 15:00:00,2.1265288649706457,2.23366573190112,-0.1071368669304742
2005-01-23 16:00:00,2.1265288649706457,2.3307215245997024,-0.20419265962905664
2005-01-23 17:00:00,2.1265288649706457,2.1990390758505938,-0.07251021087994802
2005-01-23 18:00:00,2.1265288649706457,2.1687444744260334,-0.042215609455387604
2005-01-23 19:00:00,0.1,2.1245342477671945,-2.0245342477671944
2005-01-23 20:00:00,0.1,1.164320940721824,-1.064320940721824
2005-01-23 21:00:00,0.1,0.602918905989528,-0.502918905989528
2005-01-23 22:00:00,0.1,0.6227466701425889,-0.5227466701425889
2005-01-23 23:00:00,0.1,1.1005075989808846,-1.0005075989808845
2005-01-24 00:00:00,0.1,0.3347503748999618,-0.23475037489996178
2005-01-24 01:00:00,0.1,0.5328857072236493,-0.4328857072236493
2005-01-24 02:00:00,0.1,1.2303480196569188,-1.1303480196569187
2005-01-24 03:00:00,0.1,1.0041312439106265,-0.9041312439106265
2005-01-24 04:00:00,0.3,0.3502361289705573,-0.05023612897055729
2005-01-24 05:00:00,0.5,0.9198580544943739,-0.41985805449437386
2005-01-24 06:00:00,0.6,1.300824696499291,-0.7008246964992911
2005-01-24 07:00:00,1.8,1.388587132925399,0.4114128670746011
2005-01-24 08:00:00,2.0,2.893899381317785,-0.8938993813177851
2005-01-24 09:00:00,1.4,1.7613549743500705,-0.3613549743500706
2005-01-24 10:00:00,0.6,1.444496198823181,-0.844496198823181
2005-01-24 11:00:00,0.5,0.8690111151372791,-0.36901111513727913
2005-01-24 12:00:00,0.7,0.8841504562868453,-0.18415045628684534
2005-01-24 13:00:00,0.7,1.075533031071789,-0.37553303107178904
2005-01-24 14:00:00,1.1,1.0656844829076557,0.03431551709234437
2005-01-24 15:00:00,1.3,1.9913199450821881,-0.6913199450821881
2005-01-24 16:00:00,1.0,1.9030061592051537,-0.9030061592051537
2005-01-24 17:00:00,1.5,1.5301615835465185,-0.030161583546518544
2005-01-24 18:00:00,1.5,2.1020130896837506,-0.6020130896837506
2005-01-24 19:00:00,1.2,1.7751090023748983,-0.5751090023748984
2005-01-24 20:00:00,0.3,1.2534964241528184,-0.9534964241528183
2005-01-24 21:00:00,0.3,0.6974090673455964,-0.3974090673455964
2005-01-24 22:00:00,0.3,0.6438022323873194,-0.3438022323873194
2005-01-24 23:00:00,0.3,0.5624743143870794,-0.2624743143870794
2005-01-25 00:00:00,0.3,0.3368345123784783,-0.03683451237847829
2005-01-25 01:00:00,0.3,0.3368345123784783,-0.03683451237847829
2005-01-25 02:00:00,0.3,0.5813108931080121,-0.2813108931080121
2005-01-25 03:00:00,0.2,0.45225983934214914,-0.25225983934214913
2005-01-25 04:00:00,0.2,0.29963594357183143,-0.09963594357183142
2005-01-25 05:00:00,0.2,0.47035759427761686,-0.27035759427761685
2005-01-25 06:00:00,0.2,0.6190356223650323,-0.4190356223650323
2005-01-25 07:00:00,0.2,0.5820092364152957,-0.38200923641529566
2005-01-25 08:00:00,0.7,1.211151486236055,-0.5111514862360551
2005-01-25 09:00:00,0.5,1.2175163194599952,-0.7175163194599952
2005-01-25 10:00:00,0.4,0.8454774204812698,-0.4454774204812698
2005-01-25 11:00:00,0.3,0.9423701174224599,-0.6423701174224599
2005-01-25 12:00:00,0.3,0.6795116660624411,-0.3795116660624411
2005-01-25 13:00:00,0.4,0.6755482730000275,-0.2755482730000275
2005-01-25 14:00:00,0.2,0.7655472344581797,-0.5655472344581798
2005-01-25 15:00:00,0.4,0.8207796043913922,-0.42077960439139217
2005-01-25 16:00:00,0.4,1.0616102702896062,-0.6616102702896062
2005-01-25 17:00:00,0.7,0.9735445835837094,-0.2735445835837095
2005-01-25 18:00:00,1.0,1.341748384276394,-0.341748384276394
2005-01-25 19:00:00,1.1,1.3197317765306211,-0.21973177653062104
2005-01-25 20:00:00,0.3,1.1707354596745951,-0.8707354596745951
2005-01-25 21:00:00,0.1,0.5572140932317623,-0.4572140932317623
2005-01-25 22:00:00,0.1,0.5588889818927306,-0.45888898189273064
2005-01-25 23:00:00,0.1,0.44020110945361524,-0.34020110945361526
2005-01-26 00:00:00,0.1,0.184989688460746,-0.084989688460746
2005-01-26 01:00:00,0.1,0.1887553777397434,-0.0887553777397434
2005-01-26 02:00:00,0.1,0.2710221071061105,-0.17102210710611052
2005-01-26 03:00:00,0.1,0.30679203323928483,-0.20679203323928483
2005-01-26 04:00:00,0.3,0.310891369869517,-0.010891369869516998
2005-01-26 05:00:00,0.3,0.5761076807543577,-0.2761076807543577
2005-01-26 06:00:00,0.3,0.7706941550055452,-0.4706941550055452
2005-01-26 07:00:00,0.3,0.812116717352051,-0.5121167173520511
2005-01-26 08:00:00,0.6,1.6434845795519697,-1.0434845795519698
2005-01-26 09:00:00,0.3,1.0670491512862847,-0.7670491512862847
2005-01-26 10:00:00,0.1,1.0216251580041578,-0.9216251580041578
2005-01-26 11:00:00,0.1,1.1400240839144822,-1.040024083914482
2005-01-26 12:00:00,0.2,1.064275023545244,-0.8642750235452441
2005-01-26 13:00:00,0.5,0.599918389352176,-0.099918389352176
2005-01-26 14:00:00,0.3,0.9417465819349696,-0.6417465819349697
2005-01-26 15:00:00,0.3,1.147804925755508,-0.847804925755508
2005-01-26 16:00:00,0.3,1.2943279614792553,-0.9943279614792553
2005-01-26 17:00:00,1.0,0.9181116572934747,0.08188834270652534
2005-01-26 18:00:00,1.4,2.3551433548843854,-0.9551433548843855
2005-01-26 19:00:00,1.4,1.5710670387914807,-0.17106703879148077
2005-01-26 20:00:00,1.1,1.3994782715659475,-0.2994782715659474
2005-01-26 21:00:00,0.4,1.1798586185525364,-0.7798586185525364
2005-01-26 22:00:00,0.2,0.7393880263965531,-0.5393880263965531
2005-01-26 23:00:00,0.2,0.5765195438548274,-0.3765195438548274
2005-01-27 00:00:00,0.2,0.3925828234038557,-0.19258282340385569
2005-01-27 01:00:00,0.2,0.4524469579587188,-0.2524469579587188
2005-01-27 02:00:00,0.2,0.35511974067177193,-0.15511974067177192
2005-01-27 03:00:00,0.2,0.43194817258741935,-0.23194817258741934
2005-01-27 04:00:00,0.4,0.34243031474658187,0.05756968525341816
2005-01-27 05:00:00,0.5,0.6710208331953676,-0.17102083319536765
2005-01-27 06:00:00,0.7,1.0396167879209428,-0.33961678792094285
2005-01-27 07:00:00,1.9,1.3734808230557274,0.5265191769442725
2005-01-27 08:00:00,2.4,2.984521605921002,-0.5845216059210019
2005-01-27 09:00:00,2.0,2.2079082792019102,-0.20790827920191024
2005-01-27 10:00:00,1.3,1.9879970754084038,-0.6879970754084037
2005-01-27 11:00:00,1.0,1.2783569142237112,-0.2783569142237112
2005-01-27 12:00:00,1.2,1.195172406003877,0.00482759399612287
2005-01-27 13:00:00,1.5,1.380980082017977,0.11901991798202305
2005-01-27 14:00:00,1.3,1.6396354744615405,-0.3396354744615404
2005-01-27 15:00:00,1.5,1.5578270626973247,-0.05782706269732474
2005-01-27 16:00:00,1.5,1.854658282250327,-0.35465828225032703
2005-01-27 17:00:00,2.1,1.863632613096633,0.23636738690336712
2005-01-27 18:00:00,2.6,2.6213963059045513,-0.021396305904551216
2005-01-27 19:00:00,3.0,2.608512035144855,0.3914879648551448
2005-01-27 20:00:00,2.0,2.2425092056566647,-0.24250920565666467
2005-01-27 21:00:00,1.4,1.9000510360577179,-0.500051036057718
2005-01-27 22:00:00,1.3,1.3696723657634784,-0.06967236576347835
2005-01-27 23:00:00,1.2,1.3354131930831543,-0.13541319308315436
2005-01-28 00:00:00,1.1,0.9180394225404255,0.1819605774595746
2005-01-28 01:00:00,0.9,0.8159139332044789,0.08408606679552111
2005-01-28 02:00:00,0.8,0.7358153963303667,0.0641846036696333
2005-01-28 03:00:00,0.6,0.7786186473058172,-0.17861864730581722
2005-01-28 04:00:00,0.5,0.5891960878400706,-0.0891960878400706
2005-01-28 05:00:00,0.6,0.6678849748239165,-0.06788497482391653
2005-01-28 06:00:00,0.7,1.3935967112565038,-0.6935967112565038
2005-01-28 07:00:00,1.6,1.3200726119721213,0.27992738802787875
2005-01-28 08:00:00,2.2,2.7943726872911463,-0.5943726872911461
2005-01-28 09:00:00,1.8,2.4977569206933,-0.6977569206933001
2005-01-28 10:00:00,1.5,1.8942845073901908,-0.39428450739019083
2005-01-28 11:00:00,1.8,1.759813836168273,0.04018616383172713
2005-01-28 12:00:00,1.4,1.9990632534849322,-0.5990632534849323
2005-01-28 13:00:00,2.1,1.5599919814464849,0.5400080185535152
2005-01-28 14:00:00,1.6,2.6243827270621263,-1.0243827270621262
2005-01-28 15:00:00,1.3,1.9302055858942948,-0.6302055858942948
2005-01-28 16:00:00,1.9,1.678834020272882,0.22116597972711793
2005-01-28 17:00:00,2.4,2.743721472647673,-0.34372147264767294
2005-01-28 18:00:00,3.0,2.7859345659442574,0.21406543405574263
2005-01-28 19:00:00,1.9,2.8425441027017357,-0.9425441027017358
2005-01-28 20:00:00,1.8,1.827189432052284,-0.027189432052283857
2005-01-28 21:00:00,1.1,1.6704841465309446,-0.5704841465309445
2005-01-28 22:00:00,1.1,1.1955809258001309,-0.09558092580013078
2005-01-28 23:00:00,1.1,1.131583284198273,-0.03158328419827283
2005-01-29 00:00:00,1.0,0.8319687535266397,0.16803124647336032
2005-01-29 01:00:00,0.7,0.8142674713593699,-0.11426747135936999
2005-01-29 02:00:00,0.6,0.5847640927250704,0.015235907274929628
2005-01-29 03:00:00,0.5,0.4258196683340856,0.07418033166591442
2005-01-29 04:00:00,0.5,0.37978520457397213,0.12021479542602787
2005-01-29 05:00:00,0.4,0.5656839420633232,-0.16568394206332315
2005-01-29 06:00:00,0.5,0.7465382659164992,-0.2465382659164992
2005-01-29 07:00:00,0.8,0.929334213785152,-0.12933421378515197
2005-01-29 08:00:00,1.1,1.2406647551891228,-0.1406647551891227
2005-01-29 09:00:00,1.1,1.2120465511873009,-0.11204655118730078
2005-01-29 10:00:00,1.1,1.1289658321161748,-0.02896583211617476
2005-01-29 11:00:00,1.1,1.0761123078389656,0.02388769216103448
2005-01-29 12:00:00,1.1,1.028305979358304,0.07169402064169605
2005-01-29 13:00:00,1.2,1.129867302570375,0.07013269742962502
2005-01-29 14:00:00,1.0,1.1918048155191052,-0.19180481551910522
2005-01-29 15:00:00,1.2,1.137890880493581,0.06210911950641895
2005-01-29 16:00:00,1.3,1.3405699898015069,-0.040569989801506834
2005-01-29 17:00:00,1.4,1.4270641317661172,-0.027064131766117328
2005-01-29 18:00:00,1.3,1.4790544338828049,-0.17905443388280484
2005-01-29 19:00:00,1.4,1.2480554748374761,0.15194452516252377
2005-01-29 20:00:00,1.5,1.2733053268170718,0.22669467318292824
2005-01-29 21:00:00,1.0,1.3964362232339032,-0.39643622323390315
2005-01-29 22:00:00,1.0,1.1593367161370898,-0.15933671613708977
2005-01-29 23:00:00,1.1,1.1401080270005903,-0.04010802700059024
2005-01-30 00:00:00,1.3,0.9108180391179505,0.3891819608820496
2005-01-30 01:00:00,1.0,0.9903800973146489,0.009619902685351067
2005-01-30 02:00:00,1.1,0.7205357520813261,0.37946424791867395
2005-01-30 03:00:00,1.1,0.9114861648640739,0.18851383513592623
2005-01-30 04:00:00,0.6,0.8676872880091081,-0.2676872880091081
2005-01-30 05:00:00,0.5,0.5503695252338506,-0.05036952523385063
2005-01-30 06:00:00,0.4,0.7952057157141844,-0.3952057157141844
2005-01-30 07:00:00,0.5,0.6388124365497663,-0.13881243654976627
2005-01-30 08:00:00,0.7,0.7086909830657688,-0.008690983065768876
2005-01-30 09:00:00,0.8,1.0084797280098474,-0.20847972800984738
2005-01-30 10:00:00,0.8,1.037041618001753,-0.23704161800175294
2005-01-30 11:00:00,1.0,0.9449604315300577,0.05503956846994229
2005-01-30 12:00:00,0.9,1.1177530700095413,-0.21775307000954125
2005-01-30 13:00:00,0.9,0.9786881441211934,-0.0786881441211934
2005-01-30 14:00:00,0.9,1.0007590152365415,-0.10075901523654152
2005-01-30 15:00:00,1.0,1.0430667849114956,-0.043066784911495626
2005-01-30 16:00:00,1.0,1.2498901270508609,-0.2498901270508609
2005-01-30 17:00:00,1.1,1.3100427800099772,-0.21004278000997711
2005-01-30 18:00:00,1.2,1.3505763719432526,-0.15057637194325268
2005-01-30 19:00:00,1.6,1.208048533701686,0.3919514662983141
2005-01-30 20:00:00,1.7,1.605391845777946,0.09460815422205404
2005-01-30 21:00:00,1.1,1.6560846169171253,-0.5560846169171252
2005-01-30 22:00:00,1.3,1.158149675884617,0.141850324115383
2005-01-30 23:00:00,1.7,1.2758258200182624,0.42417417998173756
2005-01-31 00:00:00,1.5,1.4777884173428653,0.022211582657134743
2005-01-31 01:00:00,0.8,1.1533101356527256,-0.3533101356527255
2005-01-31 02:00:00,0.5,0.6221355962834567,-0.12213559628345672
2005-01-31 03:00:00,0.4,0.45144931297962587,-0.05144931297962585
2005-01-31 04:00:00,0.4,0.36013383808230165,0.03986616191769837
2005-01-31 05:00:00,0.4,0.5458882139547676,-0.1458882139547676
2005-01-31 06:00:00,0.7,0.9124038770305538,-0.21240387703055386
2005-01-31 07:00:00,1.8,1.5408699320165615,0.2591300679834385
2005-01-31 08:00:00,1.8,3.2053793555657033,-1.4053793555657033
2005-01-31 09:00:00,3.5,1.9622642259985867,1.5377357740014133
2005-01-31 10:00:00,2.8,3.6043105283129466,-0.8043105283129468
2005-01-31 11:00:00,3.1,2.2463936462142295,0.8536063537857705
2005-01-31 12:00:00,2.5,2.909571548597028,-0.40957154859702793
2005-01-31 13:00:00,2.7,2.540127817879379,0.15987218212062126
2005-01-31 14:00:00,2.9,2.713934612977047,0.18606538702295294
2005-01-31 15:00:00,3.2,3.1055808027265823,0.09441919727341785
2005-01-31 16:00:00,4.1,3.893905900239597,0.20609409976040283
2005-01-31 17:00:00,6.1,5.053930074532847,1.0460699254671528
2005-01-31 18:00:00,6.8,6.330456135430973,0.46954386456902686
2005-01-31 19:00:00,6.8,5.814067557381451,0.985932442618549
2005-01-31 20:00:00,3.7,5.209640243109788,-1.5096402431097875
2005-01-31 21:00:00,2.1,2.686115743202923,-0.5861157432029227
2005-01-31 22:00:00,1.4,1.8954295681992939,-0.49542956819929396
2005-01-31 23:00:00,1.3,1.527060954173355,-0.22706095417335503
2005-02-01 00:00:00,1.1,1.1674734652102239,-0.0674734652102238
2005-02-01 01:00:00,1.0,0.9305735480425013,0.06942645195749875
2005-02-01 02:00:00,0.9,0.8979495010666357,0.0020504989333642865
2005-02-01 03:00:00,0.8,0.8775156699046021,-0.07751566990460201
2005-02-01 04:00:00,0.9,0.8543991785921368,0.04560082140786326
2005-02-01 05:00:00,1.1,1.2350005524340484,-0.1350005524340483
2005-02-01 06:00:00,1.6,1.798289786044674,-0.19828978604467395
2005-02-01 07:00:00,3.7,3.072754526704385,0.627245473295615
2005-02-01 08:00:00,4.8,4.8578149715291365,-0.05781497152913673
2005-02-01 09:00:00,4.1,4.3060266668368135,-0.2060266668368138
2005-02-01 10:00:00,4.5,3.593980356779627,0.9060196432203731
2005-02-01 11:00:00,4.5,4.194253209734167,0.3057467902658333
2005-02-01 12:00:00,3.7,4.414437104632259,-0.7144371046322586
2005-02-01 13:00:00,4.2,3.7824512844122387,0.4175487155877615
2005-02-01 14:00:00,3.3,4.083431708133294,-0.7834317081332944
2005-02-01 15:00:00,3.2,3.509684950984251,-0.30968495098425075
2005-02-01 16:00:00,3.6,3.7381165966352374,-0.13811659663523734
2005-02-01 17:00:00,3.5,4.678215337427658,-1.178215337427658
2005-02-01 18:00:00,4.1,3.698722309223402,0.4012776907765976
2005-02-01 19:00:00,4.0,3.906341911465471,0.09365808853452906
2005-02-01 20:00:00,3.3,3.246022893436996,0.05397710656300392
2005-02-01 21:00:00,3.0,2.4986453143029146,0.5013546856970854
2005-02-01 22:00:00,2.6,2.2100922033821107,0.38990779661788943
2005-02-01 23:00:00,2.6,2.111275691106348,0.4887243088936519
2005-02-02 00:00:00,2.6,2.0181798125964923,0.5818201874035078
2005-02-02 01:00:00,2.9,2.0331018848959093,0.8668981151040906
2005-02-02 02:00:00,2.9,2.1686987809256455,0.7313012190743544
2005-02-02 03:00:00,2.5,2.20853386547534,0.2914661345246601
2005-02-02 04:00:00,2.0,2.0187828412193913,-0.018782841219391333
2005-02-02 05:00:00,2.2,1.9778660343420562,0.22213396565794397
2005-02-02 06:00:00,2.4,2.7025267902942987,-0.30252679029429874
2005-02-02 07:00:00,4.0,2.661526909485364,1.3384730905146358
2005-02-02 08:00:00,6.7,4.27730544257779,2.4226945574222105
2005-02-02 09:00:00,5.6,5.329788484141825,0.2702115158581746
2005-02-02 10:00:00,4.3,4.476615208688838,-0.17661520868883862
2005-02-02 11:00:00,4.0,3.6704617689553443,0.32953823104465574
2005-02-02 12:00:00,2.6,3.511458753144798,-0.9114587531447977
2005-02-02 13:00:00,2.2,2.5291487236425443,-0.3291487236425441
2005-02-02 14:00:00,1.9,2.2360760639606116,-0.33607606396061174
2005-02-02 15:00:00,1.8,2.1506331560003114,-0.3506331560003113
2005-02-02 16:00:00,3.1,2.1990794237426505,0.9009205762573496
2005-02-02 17:00:00,4.8,3.952020964414318,0.847979035585682
2005-02-02 18:00:00,5.8,4.724659386226326,1.0753406137736734
2005-02-02 19:00:00,5.9,5.04015443281407,0.8598455671859302
2005-02-02 20:00:00,4.1,4.445649098032417,-0.3456490980324176
2005-02-02 21:00:00,1.8,2.4770824660205033,-0.6770824660205033
2005-02-02 22:00:00,1.7,1.7135098580423864,-0.013509858042386469
2005-02-02 23:00:00,1.7,1.6878563272524045,0.012143672747595424
2005-02-03 00:00:00,1.5,1.528432893536026,-0.02843289353602607
2005-02-03 01:00:00,1.1,1.3160852783217876,-0.21608527832178748
2005-02-03 02:00:00,0.9,0.9827679112261275,-0.08276791122612748
2005-02-03 03:00:00,0.9,0.8603056306540533,0.03969436934594672
2005-02-03 04:00:00,0.3,0.8458152380806406,-0.5458152380806407
2005-02-03 05:00:00,0.4,0.6439444756394191,-0.24394447563941912
2005-02-03 06:00:00,0.6,1.178637603315041,-0.578637603315041
2005-02-03 07:00:00,3.0,1.4625591575924248,1.5374408424075752
2005-02-03 08:00:00,5.6,4.352746863564584,1.2472531364354156
2005-02-03 09:00:00,4.9,4.949044390328997,-0.04904439032899699
2005-02-03 10:00:00,3.5,4.264471627637627,-0.7644716276376267
2005-02-03 11:00:00,2.2,3.256522644040182,-1.0565226440401818
2005-02-03 12:00:00,2.7,2.2444216106058943,0.4555783893941059
2005-02-03 13:00:00,2.7,3.0000674972102086,-0.3000674972102084
2005-02-03 14:00:00,2.1,2.8782683714451514,-0.7782683714451513
2005-02-03 15:00:00,2.0,2.3816561408115304,-0.38165614081153043
2005-02-03 16:00:00,2.4,2.6429901998839838,-0.24299019988398385
2005-02-03 17:00:00,6.7,3.046345539713828,3.6536544602861722
2005-02-03 18:00:00,6.4,6.135703142719177,0.2642968572808231
2005-02-03 19:00:00,3.9,5.36429146761693,-1.4642914676169299
2005-02-03 20:00:00,2.7,2.9497339808206027,-0.2497339808206025
2005-02-03 21:00:00,3.0,2.4139245800134987,0.5860754199865013
2005-02-03 22:00:00,2.1,2.7065521658629783,-0.6065521658629782
2005-02-03 23:00:00,1.2,1.8534127167722743,-0.6534127167722743
2005-02-04 00:00:00,1.2,1.0782223236526614,0.1217776763473386
2005-02-04 01:00:00,0.7,1.1580636638552533,-0.4580636638552533
2005-02-04 02:00:00,0.9,0.7807386898304802,0.1192613101695198
2005-02-04 03:00:00,0.8,1.0753004154960883,-0.2753004154960883
2005-02-04 04:00:00,0.4,0.7952565741087957,-0.39525657410879567
2005-02-04 05:00:00,0.7,0.6464073411697685,0.053592658830231454
2005-02-04 06:00:00,1.4,1.7487966397514625,-0.3487966397514626
2005-02-04 07:00:00,4.0,3.279885938361848,0.7201140616381521
2005-02-04 08:00:00,3.9,4.9981226368322815,-1.0981226368322816
2005-02-04 09:00:00,3.1,3.238656619048873,-0.13865661904887272
2005-02-04 10:00:00,3.2,3.0378205505550935,0.1621794494449067
2005-02-04 11:00:00,1.5,2.8733650827209707,-1.3733650827209707
2005-02-04 12:00:00,1.2,1.7962431160233763,-0.5962431160233763
2005-02-04 13:00:00,1.9,1.5144916810714488,0.3855083189285511
2005-02-04 14:00:00,1.5,2.4630403608417724,-0.9630403608417724
2005-02-04 15:00:00,1.4,1.9371732077853228,-0.5371732077853228
2005-02-04 16:00:00,1.9,1.9258729702064008,-0.02587297020640089
2005-02-04 17:00:00,2.2,2.807923715909614,-0.6079237159096138
2005-02-04 18:00:00,3.0,2.530476732113402,0.46952326788659793
2005-02-04 19:00:00,2.6,3.184096796368518,-0.584096796368518
2005-02-04 20:00:00,2.8,2.083887823795088,0.7161121762049119
2005-02-04 21:00:00,1.6,2.2046603680677026,-0.6046603680677025
2005-02-04 22:00:00,1.3,1.746912264914704,-0.4469122649147039
2005-02-04 23:00:00,1.6,1.4641550332555873,0.13584496674441282
2005-02-05 00:00:00,1.5,1.456443580547379,0.04355641945262101
2005-02-05 01:00:00,1.3,1.4099235803457815,-0.10992358034578142
2005-02-05 02:00:00,1.6,1.1927436957770041,0.40725630422299597
2005-02-05 03:00:00,2.0,1.7415448175032968,0.2584551824967032
2005-02-05 04:00:00,1.3,1.8875876066681152,-0.5875876066681152
2005-02-05 05:00:00,0.9,1.3185569992978292,-0.4185569992978292
2005-02-05 06:00:00,1.4,1.5148542499529052,-0.11485424995290527
2005-02-05 07:00:00,3.1,2.389773615301343,0.710226384698657
2005-02-05 08:00:00,4.1,3.6773837767115545,0.42261622328844517
2005-02-05 09:00:00,1.3,3.1357487329944393,-1.8357487329944393
2005-02-05 10:00:00,0.9,1.3345607445527667,-0.4345607445527667
2005-02-05 11:00:00,1.0,1.140443963216541,-0.14044396321654107
2005-02-05 12:00:00,1.0,1.2314517421147586,-0.2314517421147586
2005-02-05 13:00:00,1.1,1.2067867482349035,-0.10678674823490342
2005-02-05 14:00:00,0.8,1.164520217598101,-0.36452021759810105
2005-02-05 15:00:00,1.0,1.0844144118639616,-0.08441441186396159
2005-02-05 16:00:00,0.9,1.3425429977409178,-0.44254299774091777
2005-02-05 17:00:00,0.9,1.2032480714985996,-0.30324807149859956
2005-02-05 18:00:00,1.6,1.3675220832046344,0.23247791679536567
2005-02-05 19:00:00,1.4,2.052265597859202,-0.652265597859202
2005-02-05 20:00:00,1.4,1.4324939100846381,-0.0324939100846382
2005-02-05 21:00:00,1.1,1.4050684332764753,-0.30506843327647526
2005-02-05 22:00:00,1.2,1.2053613138647332,-0.005361313864733264
2005-02-05 23:00:00,1.8,1.3294922079425022,0.4705077920574978
2005-02-06 00:00:00,1.4,1.6213441300573064,-0.22134413005730647
2005-02-06 01:00:00,1.4,1.1562388124845058,0.24376118751549414
2005-02-06 02:00:00,0.9,1.1903251213887376,-0.29032512138873756
2005-02-06 03:00:00,0.9,0.8152811533452977,0.0847188466547023
2005-02-06 04:00:00,0.8,0.7701580302945134,0.029841969705486693
2005-02-06 05:00:00,0.7,0.880706199718992,-0.18070619971899204
2005-02-06 06:00:00,0.7,0.9786052417532006,-0.27860524175320067
2005-02-06 07:00:00,0.6,0.9844077265411719,-0.38440772654117195
2005-02-06 08:00:00,0.8,0.9389990564251697,-0.13899905642516963
2005-02-06 09:00:00,1.3,1.103076518177179,0.19692348182282093
2005-02-06 10:00:00,2.0,2.1159141639348635,-0.11591416393486353
2005-02-06 11:00:00,1.7,2.3844567651609383,-0.6844567651609383
2005-02-06 12:00:00,1.2,1.7185866125837055,-0.5185866125837055
2005-02-06 13:00:00,1.0,1.2184316679014782,-0.21843166790147817
2005-02-06 14:00:00,0.8,1.0863525064493689,-0.2863525064493688
2005-02-06 15:00:00,1.0,1.0513547243653738,-0.051354724365373805
2005-02-06 16:00:00,1.4,1.3911270439372951,0.008872956062704773
2005-02-06 17:00:00,1.1,1.845359423732797,-0.745359423732797
2005-02-06 18:00:00,1.6,1.4298794668319874,0.17012053316801268
2005-02-06 19:00:00,1.8,1.7266353612252645,0.07336463877473554
2005-02-06 20:00:00,1.4,1.6830645068366463,-0.2830645068366464
2005-02-06 21:00:00,1.1,1.3765948641699914,-0.27659486416999135
2005-02-06 22:00:00,1.0,1.1625855613178613,-0.16258556131786128
2005-02-06 23:00:00,1.1,1.1750253952714478,-0.07502539527144769
2005-02-07 00:00:00,1.0,0.9229341558985648,0.07706584410143524
2005-02-07 01:00:00,0.8,0.8122985277594441,-0.012298527759444067
2005-02-07 02:00:00,0.6,0.7012065042982523,-0.10120650429825229
2005-02-07 03:00:00,0.6,0.632964100746238,-0.03296410074623801
2005-02-07 04:00:00,0.6,0.5753751073344773,0.024624892665522702
2005-02-07 05:00:00,0.6,0.771394837424091,-0.171394837424091
2005-02-07 06:00:00,0.8,1.192747844587266,-0.39274784458726586
2005-02-07 07:00:00,2.3,1.536384009761964,0.7636159902380357
2005-02-07 08:00:00,2.8,2.982053967490254,-0.18205396749025438
2005-02-07 09:00:00,2.1,2.245720525021054,-0.14572052502105404
2005-02-07 10:00:00,1.7,1.9667965417242654,-0.2667965417242655
2005-02-07 11:00:00,1.4,1.8674103046325137,-0.46741030463251376
2005-02-07 12:00:00,1.6,1.475033258122271,0.12496674187772916
2005-02-07 13:00:00,1.4,1.7759738073871105,-0.3759738073871106
2005-02-07 14:00:00,1.3,1.5605151180152617,-0.2605151180152616
2005-02-07 15:00:00,1.4,1.6585199645592317,-0.25851996455923176
2005-02-07 16:00:00,1.7,1.8384995689164312,-0.13849956891643123
2005-02-07 17:00:00,1.9,2.5107473737259522,-0.6107473737259523
2005-02-07 18:00:00,2.3,2.4241752904534324,-0.12417529045343256
2005-02-07 19:00:00,2.0,2.4124723163265025,-0.4124723163265025
2005-02-07 20:00:00,1.6,1.9327726454134633,-0.3327726454134632
2005-02-07 21:00:00,1.0,1.5511213651523825,-0.5511213651523825
2005-02-07 22:00:00,0.9,1.18706536100207,-0.28706536100207003
2005-02-07 23:00:00,0.9,1.061073490712491,-0.161073490712491
2005-02-08 00:00:00,0.9,0.7526469568938001,0.1473530431061999
2005-02-08 01:00:00,0.5,0.726114852598119,-0.22611485259811903
2005-02-08 02:00:00,0.4,0.5044044959914405,-0.10440449599144053
2005-02-08 03:00:00,0.5,0.48479895586007354,0.015201044139926456
2005-02-08 04:00:00,0.6,0.5753265881887246,0.02467341181127536
2005-02-08 05:00:00,0.6,0.8703160601184154,-0.27031606011841547
2005-02-08 06:00:00,1.0,1.2237813074347617,-0.22378130743476166
2005-02-08 07:00:00,2.1,2.1433258506029502,-0.04332585060295013
2005-02-08 08:00:00,2.9,2.861128759575176,0.03887124042482393
2005-02-08 09:00:00,2.2,2.9823953471048683,-0.7823953471048681
2005-02-08 10:00:00,1.6,2.1183313998334,-0.5183313998334
2005-02-08 11:00:00,1.8,1.888296079913641,-0.08829607991364097
2005-02-08 12:00:00,1.5,2.028146462531656,-0.5281464625316561
2005-02-08 13:00:00,2.2,1.7710066538562204,0.4289933461437798
2005-02-08 14:00:00,1.6,2.5679926004480613,-0.9679926004480612
2005-02-08 15:00:00,1.5,1.9456059990046561,-0.44560599900465614
2005-02-08 16:00:00,1.8,1.9135693707337214,-0.11356937073372131
2005-02-08 17:00:00,1.8,2.2758691980494388,-0.4758691980494387
2005-02-08 18:00:00,2.3,2.2495832055269416,0.050416794473058246
2005-02-08 19:00:00,1.9,2.367081859231708,-0.4670818592317083
2005-02-08 20:00:00,1.9,1.965171732152869,-0.06517173215286909
2005-02-08 21:00:00,1.1,1.9770331124473486,-0.8770331124473485
2005-02-08 22:00:00,0.9,1.2077228391440373,-0.3077228391440373
2005-02-08 23:00:00,0.8,1.7760979960619165,-0.9760979960619165
2005-02-09 00:00:00,0.9,0.8401166529336349,0.05988334706636511
2005-02-09 01:00:00,0.7,0.9240378393001416,-0.22403783930014165
2005-02-09 02:00:00,0.8,0.6946760287684065,0.10532397123159354
2005-02-09 03:00:00,0.8,0.8352813878495191,-0.035281387849519064
2005-02-09 04:00:00,0.7,0.8400535304927566,-0.1400535304927566
2005-02-09 05:00:00,0.6,0.9753518349271062,-0.3753518349271062
2005-02-09 06:00:00,1.0,1.3045582555703246,-0.30455825557032457
2005-02-09 07:00:00,1.7,1.9723735761968564,-0.2723735761968564
2005-02-09 08:00:00,2.7,2.5122628561646767,0.18773714383532347
2005-02-09 09:00:00,3.3,2.7368998055990224,0.5631001944009775
2005-02-09 10:00:00,2.1,3.0893544781288753,-0.9893544781288752
2005-02-09 11:00:00,2.0,2.0603854857535233,-0.060385485753523316
2005-02-09 12:00:00,2.0,2.0489854499099724,-0.048985449909972445
2005-02-09 13:00:00,2.3,2.116097659722067,0.18390234027793273
2005-02-09 14:00:00,2.0,2.3563345081082296,-0.35633450810822964
2005-02-09 15:00:00,2.1,2.247515315615828,-0.14751531561582798
2005-02-09 16:00:00,2.3,2.4541272742973694,-0.1541272742973696
2005-02-09 17:00:00,3.1,2.708099858868399,0.3919001411316012
2005-02-09 18:00:00,3.9,3.5759384679598596,0.3240615320401403
2005-02-09 19:00:00,3.8,3.8125387851011014,-0.012538785101101624
2005-02-09 20:00:00,2.9,2.8663597948802817,0.033640205119718214
2005-02-09 21:00:00,2.2,2.167188274751148,0.03281172524885223
2005-02-09 22:00:00,1.9,1.9614297408199748,-0.061429740819974876
2005-02-09 23:00:00,2.0,1.85096512257125,0.14903487742875
2005-02-10 00:00:00,1.8,1.7188137834541612,0.0811862165458388
2005-02-10 01:00:00,1.6,1.550560022580682,0.04943997741931816
2005-02-10 02:00:00,1.5,1.5013501941916012,-0.0013501941916012061
2005-02-10 03:00:00,1.4,1.5245117442639238,-0.12451174426392386
2005-02-10 04:00:00,1.5,1.3767277737218642,0.12327222627813583
2005-02-10 05:00:00,1.7,1.7917246726854572,-0.09172467268545725
2005-02-10 06:00:00,1.9,2.458458896073221,-0.5584588960732213
2005-02-10 07:00:00,3.3,2.383270341790052,0.916729658209948
2005-02-10 08:00:00,3.8,3.451175138880445,0.3488248611195548
2005-02-10 09:00:00,4.3,3.446561131877967,0.8534388681220326
2005-02-10 10:00:00,3.7,3.5921162064395507,0.10788379356044953
2005-02-10 11:00:00,2.7,3.504309191139915,-0.804309191139915
2005-02-10 12:00:00,2.2,2.6084824404008367,-0.4084824404008365
2005-02-10 13:00:00,2.4,2.2507706091388813,0.14922939086111864
2005-02-10 14:00:00,2.2,2.3271668400456957,-0.12716684004569556
2005-02-10 15:00:00,2.3,2.279976196373169,0.020023803626830983
2005-02-10 16:00:00,2.6,2.731200916426255,-0.1312009164262551
2005-02-10 17:00:00,4.2,3.075769405764985,1.1242305942350153
2005-02-10 18:00:00,6.2,4.318468390237854,1.8815316097621464
2005-02-10 19:00:00,8.4,4.52278913116395,3.87721086883605
2005-02-10 20:00:00,4.5,5.7421220110261375,-1.2421220110261375
2005-02-10 21:00:00,2.7,3.2619553158650594,-0.5619553158650592
2005-02-10 22:00:00,2.4,2.064655031073913,0.335344968926087
2005-02-10 23:00:00,2.3,2.0295663647367346,0.27043363526326525
2005-02-11 00:00:00,2.2,1.9313625315456873,0.2686374684543129
2005-02-11 01:00:00,2.0,1.8234392646881152,0.17656073531188476
2005-02-11 02:00:00,1.6,1.7376951040977255,-0.13769510409772545
2005-02-11 03:00:00,1.6,1.580561609377867,0.01943839062213315
2005-02-11 04:00:00,1.5,1.578847905743273,-0.07884790574327294
2005-02-11 05:00:00,1.7,1.727468464614002,-0.027468464614001986
2005-02-11 06:00:00,1.8,2.458458896073221,-0.6584588960732212
2005-02-11 07:00:00,3.8,2.231416410959439,1.5685835890405606
2005-02-11 08:00:00,5.9,3.921951040986474,1.9780489590135262
2005-02-11 09:00:00,5.4,4.180956253081565,1.2190437469184356
2005-02-11 10:00:00,4.7,4.254220063106242,0.44577993689375806
2005-02-11 11:00:00,4.3,4.047141375606482,0.25285862439351803
2005-02-11 12:00:00,5.4,4.002390031591876,1.3976099684081245
2005-02-11 13:00:00,5.8,4.59785558565686,1.20214441434314
2005-02-11 14:00:00,6.1,5.40051974826058,0.6994802517394199
2005-02-11 15:00:00,7.1,6.705662901838607,0.39433709816139295
2005-02-11 16:00:00,6.6,7.559882954197894,-0.9598829541978944
2005-02-11 17:00:00,6.5,7.629469274905448,-1.129469274905448
2005-02-11 18:00:00,7.1,6.553404987643199,0.5465950123568009
2005-02-11 19:00:00,4.9,6.9082752738536986,-2.008275273853698
2005-02-11 20:00:00,4.0,4.5762473695343076,-0.5762473695343076
2005-02-11 21:00:00,4.0,3.8304898259014877,0.16951017409851232
2005-02-11 22:00:00,3.6,3.2999571422807183,0.30004285771928174
2005-02-11 23:00:00,4.2,3.127342925488413,1.072657074511587
2005-02-12 00:00:00,4.3,3.7618134592760306,0.5381865407239692
2005-02-12 01:00:00,3.6,3.9125605745409766,-0.3125605745409765
2005-02-12 02:00:00,2.5,2.735505655668629,-0.23550565566862902
2005-02-12 03:00:00,2.5,2.1176412638500715,0.38235873614992855
2005-02-12 04:00:00,1.4,2.0771362904277875,-0.6771362904277876
2005-02-12 05:00:00,1.4,1.7693005676744162,-0.3693005676744163
2005-02-12 06:00:00,1.6,2.1740576652858694,-0.5740576652858693
2005-02-12 07:00:00,2.3,2.302175775520656,-0.002175775520656398
2005-02-12 08:00:00,2.4,2.6662675651584,-0.2662675651584001
2005-02-12 09:00:00,2.7,2.240703938887766,0.4592960611122341
2005-02-12 10:00:00,3.4,2.77089570962399,0.6291042903760098
2005-02-12 11:00:00,3.1,3.491690702652553,-0.3916907026525531
2005-02-12 12:00:00,3.6,3.367258587921295,0.23274141207870525
2005-02-12 13:00:00,3.8,3.6476646362724265,0.15233536372757328
2005-02-12 14:00:00,3.3,3.871943334390467,-0.571943334390467
2005-02-12 15:00:00,3.4,3.530387001443969,-0.1303870014439692
2005-02-12 16:00:00,3.7,4.091513657942456,-0.39151365794245585
2005-02-12 17:00:00,4.6,4.8625573307134315,-0.2625573307134319
2005-02-12 18:00:00,5.0,5.514292382243668,-0.514292382243668
2005-02-12 19:00:00,5.7,5.230890019147038,0.46910998085296196
2005-02-12 20:00:00,5.2,4.662982781996716,0.5370172180032844
2005-02-12 21:00:00,5.0,3.926885025715798,1.073114974284202
2005-02-12 22:00:00,4.5,4.708199284495012,-0.20819928449501202
2005-02-12 23:00:00,4.1,4.508889145229965,-0.4088891452299652
2005-02-13 00:00:00,4.1,4.042477545349521,0.05752245465047867
2005-02-13 01:00:00,3.1,4.636888194726397,-1.5368881947263966
2005-02-13 02:00:00,2.7,2.683057868030197,0.01694213196980332
2005-02-13 03:00:00,2.8,2.405947839207307,0.3940521607926928
2005-02-13 04:00:00,2.9,2.43510191344695,0.46489808655304987
2005-02-13 05:00:00,2.6,2.8117381439309623,-0.21173814393096224
2005-02-13 06:00:00,2.6,2.6535617943507,-0.053561794350700076
2005-02-13 07:00:00,2.8,2.657215051763758,0.14278494823624177
2005-02-13 08:00:00,3.3,3.069855378041062,0.2301446219589378
2005-02-13 09:00:00,3.2,3.2721801845727807,-0.07218018457278053
2005-02-13 10:00:00,3.3,3.3031153208831636,-0.003115320883163797
2005-02-13 11:00:00,1.5,2.924806931047144,-1.424806931047144
2005-02-13 12:00:00,1.2,1.7552030813046957,-0.5552030813046958
2005-02-13 13:00:00,1.1,1.4826160881485944,-0.38261608814859427
2005-02-13 14:00:00,1.7,1.3917248055070495,0.3082751944929505
2005-02-13 15:00:00,1.0,1.8832922689856701,-0.8832922689856701
2005-02-13 16:00:00,1.0,1.3906079167593794,-0.39060791675937945
2005-02-13 17:00:00,2.6,1.410840469236075,1.189159530763925
2005-02-13 18:00:00,2.5,2.9682760057643893,-0.4682760057643893
2005-02-13 19:00:00,2.1,2.3166459870984792,-0.21664598709847915
2005-02-13 20:00:00,1.0,1.813209155551166,-0.813209155551166
2005-02-13 21:00:00,1.3,1.1132009896177046,0.1867990103822954
2005-02-13 22:00:00,1.5,1.9279855907027954,-0.4279855907027954
2005-02-13 23:00:00,1.4,1.641710766228892,-0.24171076622889198
2005-02-14 00:00:00,1.6,1.3306041083928337,0.26939589160716637
2005-02-14 01:00:00,1.1,1.4748363572249743,-0.3748363572249742
2005-02-14 02:00:00,0.7,0.9971240619467143,-0.29712406194671437
2005-02-14 03:00:00,0.5,0.7667874132131992,-0.2667874132131992
2005-02-14 04:00:00,0.4,0.5383736954860037,-0.13837369548600364
2005-02-14 05:00:00,0.7,0.63520237110809,0.06479762889190999
2005-02-14 06:00:00,0.7,2.2957896896164653,-1.5957896896164654
2005-02-14 07:00:00,2.3,1.161734593408465,1.1382654065915347
2005-02-14 08:00:00,2.5,3.404587953185602,-0.9045879531856018
2005-02-14 09:00:00,1.7,2.244941835826358,-0.5449418358263582
2005-02-14 10:00:00,2.5,1.705296513949318,0.7947034860506821
2005-02-14 11:00:00,2.1,2.5017026508385825,-0.40170265083858236
2005-02-14 12:00:00,1.1,2.003330902790886,-0.903330902790886
2005-02-14 13:00:00,1.3,1.3329877112724404,-0.03298771127244038
2005-02-14 14:00:00,1.1,1.5244996253773584,-0.4244996253773583
2005-02-14 15:00:00,1.1,1.3467309036569277,-0.24673090365692762
2005-02-14 16:00:00,1.4,1.4353033417819907,-0.035303341781990794
2005-02-14 17:00:00,2.3,2.0551984971713746,0.24480150282862523
2005-02-14 18:00:00,4.2,3.1231990940369765,1.0768009059630237
2005-02-14 19:00:00,3.5,3.9946750799166493,-0.4946750799166493
2005-02-14 20:00:00,3.0,2.4793217003082164,0.5206782996917836
2005-02-14 21:00:00,1.7,2.1577466150392,-0.4577466150392
2005-02-14 22:00:00,1.6,1.558447707606585,0.04155229239341507
2005-02-14 23:00:00,1.0,1.5801067272596243,-0.5801067272596243
2005-02-15 00:00:00,0.8,0.8588278172432383,-0.05882781724323827
2005-02-15 01:00:00,0.6,0.6850495493508484,-0.08504954935084841
2005-02-15 02:00:00,0.4,0.5282414406471903,-0.12824144064719023
2005-02-15 03:00:00,0.4,0.4735430761136978,-0.07354307611369776
2005-02-15 04:00:00,0.3,0.46897863093930825,-0.16897863093930826
2005-02-15 05:00:00,0.4,0.5656914452182431,-0.16569144521824308
2005-02-15 06:00:00,0.5,1.0271418093458053,-0.5271418093458053
2005-02-15 07:00:00,1.5,1.3259933410840943,0.17400665891590572
2005-02-15 08:00:00,2.1,2.730634942497198,-0.6306349424971978
2005-02-15 09:00:00,1.6,2.402138935384108,-0.8021389353841077
2005-02-15 10:00:00,1.0,1.586334910960654,-0.5863349109606539
2005-02-15 11:00:00,1.2,1.0479706130432858,0.1520293869567142
2005-02-15 12:00:00,1.3,1.265689133352153,0.034310866647847105
2005-02-15 13:00:00,1.4,1.3353984420140337,0.06460155798596623
2005-02-15 14:00:00,1.0,1.4380487049162973,-0.4380487049162973
2005-02-15 15:00:00,1.4,1.2661729471483458,0.13382705285165408
2005-02-15 16:00:00,1.5,2.0799261567227636,-0.5799261567227636
2005-02-15 17:00:00,2.4,1.9275157106956284,0.4724842893043715
2005-02-15 18:00:00,2.8,3.3426746064736794,-0.5426746064736796
2005-02-15 19:00:00,3.1,2.4891167102175698,0.6108832897824303
2005-02-15 20:00:00,3.1,2.6814723227361803,0.4185276772638198
2005-02-15 21:00:00,2.0,2.6419355875434767,-0.6419355875434767
2005-02-15 22:00:00,2.1,1.9785983585154288,0.12140164148457133
2005-02-15 23:00:00,1.9,2.0655725066246933,-0.16557250662469336
2005-02-16 00:00:00,2.5,1.8127067134292627,0.6872932865707373
2005-02-16 01:00:00,2.0,2.2475854190235554,-0.24758541902355535
2005-02-16 02:00:00,1.4,1.8629295294498476,-0.46292952944984767
2005-02-16 03:00:00,1.1,1.5473090454233365,-0.4473090454233364
2005-02-16 04:00:00,0.8,1.1135876795125468,-0.31358767951254674
2005-02-16 05:00:00,0.9,1.0445257119197768,-0.1445257119197768
2005-02-16 06:00:00,1.6,1.660755144212387,-0.060755144212386814
2005-02-16 07:00:00,3.6,3.1341371682780204,0.46586283172197973
2005-02-16 08:00:00,3.3,4.140342156673535,-0.8403421566735352
2005-02-16 09:00:00,2.1,2.9820529524390267,-0.8820529524390266
2005-02-16 10:00:00,1.3,2.080388596463519,-0.7803885964635191
2005-02-16 11:00:00,1.1,1.608387003146316,-0.508387003146316
2005-02-16 12:00:00,1.5,1.327204482195963,0.172795517804037
2005-02-16 13:00:00,1.5,1.7733941466521945,-0.2733941466521945
2005-02-16 14:00:00,1.6,1.7409066300837173,-0.14090663008371718
2005-02-16 15:00:00,1.5,2.1348060995689586,-0.6348060995689586
2005-02-16 16:00:00,1.6,2.077023932459901,-0.4770239324599008
2005-02-16 17:00:00,2.2,2.2374516855933284,-0.03745168559332823
2005-02-16 18:00:00,3.4,2.877187693256481,0.5228123067435191
2005-02-16 19:00:00,5.6,3.703652218440022,1.8963477815599776
2005-02-16 20:00:00,5.2,4.529646005357955,0.6703539946420456
2005-02-16 21:00:00,2.8,3.5374207205641466,-0.7374207205641468
2005-02-16 22:00:00,2.4,2.0044305057448346,0.3955694942551653
2005-02-16 23:00:00,2.7,2.076299257551904,0.6237007424480963
2005-02-17 00:00:00,2.6,2.0798266187911807,0.5201733812088194
2005-02-17 01:00:00,2.3,2.056503334285201,0.24349666571479878
2005-02-17 02:00:00,1.0,2.0524807685307094,-1.0524807685307094
2005-02-17 03:00:00,0.6,1.119010221858643,-0.5190102218586431
2005-02-17 04:00:00,0.5,0.6061460709162334,-0.1061460709162334
2005-02-17 05:00:00,0.5,0.7530945014406583,-0.25309450144065826
2005-02-17 06:00:00,1.0,1.0445859289585533,-0.04458592895855329
2005-02-17 07:00:00,2.6,2.6511262291737503,-0.051126229173750204
2005-02-17 08:00:00,2.7,3.3482186143260644,-0.6482186143260642
2005-02-17 09:00:00,1.8,2.4780722596942804,-0.6780722596942803
2005-02-17 10:00:00,1.2,1.8193029583132454,-0.6193029583132454
2005-02-17 11:00:00,1.3,1.365984335622704,-0.0659843356227039
2005-02-17 12:00:00,1.4,1.5143063314807401,-0.11430633148074021
2005-02-17 13:00:00,1.8,1.7217806014335562,0.07821939856644389
2005-02-17 14:00:00,1.3,2.0340385795090903,-0.7340385795090902
2005-02-17 15:00:00,1.4,1.7624649908089316,-0.3624649908089317
2005-02-17 16:00:00,1.4,1.7915338293426333,-0.39153382934263337
2005-02-17 17:00:00,2.4,1.8708387275765994,0.5291612724234005
2005-02-17 18:00:00,2.8,3.2128618538095597,-0.41286185380955986
2005-02-17 19:00:00,3.3,2.4755693112506614,0.8244306887493384
2005-02-17 20:00:00,2.5,2.863399153455358,-0.363399153455358
2005-02-17 21:00:00,2.1,2.1331101207076952,-0.033110120707695145
2005-02-17 22:00:00,1.2,1.9381826597424248,-0.7381826597424248
2005-02-17 23:00:00,1.2,1.285219698734156,-0.08521969873415602
2005-02-18 00:00:00,1.3,1.098075285844459,0.20192471415554114
2005-02-18 01:00:00,1.0,1.0716080947850066,-0.07160809478500663
2005-02-18 02:00:00,0.8,0.8857185033621854,-0.08571850336218534
2005-02-18 03:00:00,0.8,0.7905146904712056,0.00948530952879445
2005-02-18 04:00:00,0.4,0.7076394810487863,-0.30763948104878625
2005-02-18 05:00:00,0.5,0.6383173846102093,-0.13831738461020926
2005-02-18 06:00:00,0.7,1.2279022081593858,-0.5279022081593858
2005-02-18 07:00:00,2.1,1.589736345362075,0.5102636546379251
2005-02-18 08:00:00,2.5,3.12925007841042,-0.6292500784104198
2005-02-18 09:00:00,2.0,2.410435494884918,-0.41043549488491804
2005-02-18 10:00:00,1.4,2.06301402001689,-0.6630140200168899
2005-02-18 11:00:00,1.3,1.5023958588782313,-0.2023958588782313
2005-02-18 12:00:00,1.4,1.4461097410777917,-0.046109741077791755
2005-02-18 13:00:00,1.6,1.5912870508345192,0.008712949165480932
2005-02-18 14:00:00,1.7,1.8041036598920037,-0.10410365989200376
2005-02-18 15:00:00,1.8,2.202153669899246,-0.40215366989924584
2005-02-18 16:00:00,2.4,2.3135449094635923,0.08645509053640765
2005-02-18 17:00:00,2.8,3.105526628787167,-0.3055266287871672
2005-02-18 18:00:00,3.3,3.2927684101425885,0.007231589857411347
2005-02-18 19:00:00,4.8,3.3049229295270828,1.495077070472917
2005-02-18 20:00:00,2.8,3.7232427667627994,-0.9232427667627996
2005-02-18 21:00:00,2.4,2.1224199011356313,0.27758009886436863
2005-02-18 22:00:00,2.9,2.0655071786610604,0.8344928213389395
2005-02-18 23:00:00,2.7,2.7746032749283316,-0.07460327492833141
2005-02-19 00:00:00,2.1,2.032242341106762,0.06775765889323804
2005-02-19 01:00:00,1.5,1.7406749927995275,-0.24067499279952753
2005-02-19 02:00:00,1.2,1.4385955265625512,-0.23859552656255123
2005-02-19 03:00:00,0.9,1.1057689808229871,-0.2057689808229871
2005-02-19 04:00:00,0.8,0.8252369640446636,-0.02523696404466358
2005-02-19 05:00:00,0.8,0.9175957721441388,-0.11759577214413874
2005-02-19 06:00:00,1.1,1.2242377118978174,-0.1242377118978173
2005-02-19 07:00:00,1.9,2.186662991633513,-0.2866629916335133
2005-02-19 08:00:00,2.5,2.494180279256589,0.005819720743410972
2005-02-19 09:00:00,2.2,2.514891657940668,-0.314891657940668
2005-02-19 10:00:00,2.1,1.9845343967783777,0.11546560322162236
2005-02-19 11:00:00,2.3,2.2003349324811556,0.09966506751884419
2005-02-19 12:00:00,1.2,2.2931132177139446,-1.0931132177139447
2005-02-19 13:00:00,1.2,1.3774858837748603,-0.1774858837748603
2005-02-19 14:00:00,1.1,1.365783680075957,-0.265783680075957
2005-02-19 15:00:00,1.1,1.3834225714791966,-0.2834225714791965
2005-02-19 16:00:00,1.4,1.4394645917440658,-0.03946459174406591
2005-02-19 17:00:00,1.7,2.0164574921842573,-0.31645749218425734
2005-02-19 18:00:00,2.5,2.273257156972288,0.22674284302771186
2005-02-19 19:00:00,2.7,2.716847323292765,-0.016847323292764838
2005-02-19 20:00:00,3.1,2.3288346207134007,0.7711653792865993
2005-02-19 21:00:00,2.8,2.829138519171628,-0.02913851917162802
2005-02-19 22:00:00,1.9,2.2624892460035433,-0.3624892460035434
2005-02-19 23:00:00,1.9,1.8963630576663972,0.0036369423336026774
2005-02-20 00:00:00,1.7,1.7577289484279328,-0.05772894842793286
2005-02-20 01:00:00,2.2,1.5205421952388833,0.6794578047611168
2005-02-20 02:00:00,1.6,1.99028781710311,-0.3902878171031099
2005-02-20 03:00:00,1.5,1.5286448907702674,-0.02864489077026744
2005-02-20 04:00:00,0.8,1.3644893414269037,-0.5644893414269037
2005-02-20 05:00:00,0.5,0.8575073922237098,-0.35750739222370975
2005-02-20 06:00:00,0.5,0.8183985227522498,-0.3183985227522498
2005-02-20 07:00:00,0.7,0.7841231241915383,-0.08412312419153833
2005-02-20 08:00:00,0.7,1.0421665245611744,-0.34216652456117447
2005-02-20 09:00:00,0.9,0.942503430603341,-0.04250343060334094
2005-02-20 10:00:00,1.0,1.1848930182050452,-0.18489301820504522
2005-02-20 11:00:00,1.1,1.1822064250223363,-0.08220642502233622
2005-02-20 12:00:00,1.1,1.2741398046019983,-0.17413980460199818
2005-02-20 13:00:00,1.0,1.2569831293274565,-0.2569831293274565
2005-02-20 14:00:00,1.1,1.1617070517908494,-0.06170705179084934
2005-02-20 15:00:00,1.3,1.343119381463603,-0.04311938146360306
2005-02-20 16:00:00,1.2,1.6182346669711487,-0.41823466697114875
2005-02-20 17:00:00,1.3,1.468278176947503,-0.16827817694750302
2005-02-20 18:00:00,1.1,1.6231471492218645,-0.5231471492218644
2005-02-20 19:00:00,1.5,1.3059821878448294,0.19401781215517055
2005-02-20 20:00:00,1.4,1.7270769180968715,-0.32707691809687156
2005-02-20 21:00:00,1.1,1.369384237062778,-0.2693842370627779
2005-02-20 22:00:00,1.3,1.2287871611173375,0.0712128388826625
2005-02-20 23:00:00,1.4,1.3251660753024141,0.07483392469758576
2005-02-21 00:00:00,1.1,1.1487832466705852,-0.04878324667058509
2005-02-21 01:00:00,0.8,0.8382630334110822,-0.03826303341108217
2005-02-21 02:00:00,0.6,0.6646929495269857,-0.06469294952698568
2005-02-21 03:00:00,0.6,0.5651974054151113,0.03480259458488866
2005-02-21 04:00:00,0.5,0.5309915587506568,-0.030991558750656845
2005-02-21 05:00:00,0.6,0.6878731087431339,-0.08787310874313392
2005-02-21 06:00:00,1.2,1.2803824613527925,-0.08038246135279259
2005-02-21 07:00:00,2.2,2.8316372083009207,-0.6316372083009205
2005-02-21 08:00:00,2.9,2.7770565892162082,0.12294341078379167
2005-02-21 09:00:00,2.9,2.712319491891201,0.18768050810879888
2005-02-21 10:00:00,2.0,2.463946099177398,-0.4639460991773978
2005-02-21 11:00:00,1.7,2.0973243581817735,-0.3973243581817736
2005-02-21 12:00:00,2.2,1.9115607565841217,0.28843924341587845
2005-02-21 13:00:00,1.8,2.4151491950541795,-0.6151491950541794
2005-02-21 14:00:00,1.6,1.9469732791982437,-0.3469732791982436
2005-02-21 15:00:00,1.9,2.005098774649704,-0.1050987746497043
2005-02-21 16:00:00,2.2,2.8192109355866783,-0.6192109355866782
2005-02-21 17:00:00,2.2,2.56993274916781,-0.36993274916780994
2005-02-21 18:00:00,4.9,2.482251070227663,2.4177489297723374
2005-02-21 19:00:00,6.3,5.262036427187655,1.0379635728123446
2005-02-21 20:00:00,2.7,4.673830578919851,-1.9738305789198511
2005-02-21 21:00:00,1.4,1.920341672632147,-0.520341672632147
2005-02-21 22:00:00,1.2,1.3458294100835992,-0.1458294100835993
2005-02-21 23:00:00,0.8,1.2356338456580243,-0.4356338456580242
2005-02-22 00:00:00,0.8,0.6721772507291143,0.12782274927088577
2005-02-22 01:00:00,0.7,0.661499304957312,0.03850069504268794
2005-02-22 02:00:00,0.4,0.5955512612909565,-0.19555126129095646
2005-02-22 03:00:00,0.4,0.4021665242015542,-0.0021665242015541653
2005-02-22 04:00:00,0.5,0.4042185098459577,0.0957814901540423
2005-02-22 05:00:00,0.9,0.7811407904535781,0.11885920954642193
2005-02-22 06:00:00,1.5,2.3165378828630256,-0.8165378828630256
2005-02-22 07:00:00,3.8,3.1943057916252573,0.6056942083747425
2005-02-22 08:00:00,5.4,4.474119828799275,0.925880171200725
2005-02-22 09:00:00,3.5,4.524104937420387,-1.024104937420387
2005-02-22 10:00:00,1.7,2.9522135873675923,-1.2522135873675924
2005-02-22 11:00:00,2.0,1.8132769115227683,0.18672308847723174
2005-02-22 12:00:00,2.1,2.0693752578148317,0.03062474218516842
2005-02-22 13:00:00,3.0,2.054128651505193,0.9458713484948071
2005-02-22 14:00:00,2.1,3.1939788400854385,-1.0939788400854384
2005-02-22 15:00:00,2.5,2.2348430893792153,0.2651569106207847
2005-02-22 16:00:00,2.2,3.081519648099855,-0.8815196480998546
2005-02-22 17:00:00,2.4,2.6863000901864473,-0.2863000901864474
2005-02-22 18:00:00,3.6,2.7078751306386106,0.8921248693613895
2005-02-22 19:00:00,2.6,3.7030874901518125,-1.1030874901518124
2005-02-22 20:00:00,2.7,2.1178918968570497,0.5821081031429505
2005-02-22 21:00:00,1.4,2.2437784184760616,-0.8437784184760617
2005-02-22 22:00:00,0.9,1.4025150606741996,-0.5025150606741996
2005-02-22 23:00:00,1.5,1.0859192138139584,0.4140807861860416
2005-02-23 00:00:00,1.1,1.6844245584287643,-0.5844245584287642
2005-02-23 01:00:00,0.8,0.8900759114768245,-0.09007591147682448
2005-02-23 02:00:00,0.6,0.708553051316711,-0.108553051316711
2005-02-23 03:00:00,0.6,0.6513408553525586,-0.05134085535255861
2005-02-23 04:00:00,0.6,0.589654129076088,0.010345870923911926
2005-02-23 05:00:00,0.6,0.7588339647813827,-0.15883396478138267
2005-02-23 06:00:00,0.7,1.1947483167547326,-0.49474831675473263
2005-02-23 07:00:00,1.7,1.487771903710221,0.2122280962897789
2005-02-23 08:00:00,1.9,2.8910397196961157,-0.9910397196961158
2005-02-23 09:00:00,1.4,1.961484326111838,-0.5614843261118381
2005-02-23 10:00:00,1.3,1.499481265790829,-0.19948126579082892
2005-02-23 11:00:00,1.2,1.5536614530698,-0.3536614530698001
2005-02-23 12:00:00,1.9,1.4586527692951459,0.44134723070485404
2005-02-23 13:00:00,2.5,2.58494962243512,-0.08494962243511983
2005-02-23 14:00:00,2.3,2.720716760819231,-0.42071676081923126
2005-02-23 15:00:00,2.3,2.413562027971246,-0.11356202797124615
2005-02-23 16:00:00,2.5,2.7889690551649005,-0.28896905516490046
2005-02-23 17:00:00,2.8,2.988016326705799,-0.18801632670579904
2005-02-23 18:00:00,2.7,3.1254841544213523,-0.4254841544213521
2005-02-23 19:00:00,3.1,2.6364457326239723,0.4635542673760278
2005-02-23 20:00:00,2.9,2.8092140689448883,0.09078593105511157
2005-02-23 21:00:00,2.6,2.3963273814323633,0.20367261856763674
2005-02-23 22:00:00,1.5,2.1593453872952306,-0.6593453872952306
2005-02-23 23:00:00,1.6,1.6210769285504532,-0.021076928550453067
2005-02-24 00:00:00,1.1,1.4415762788732414,-0.34157627887324127
2005-02-24 01:00:00,0.9,0.9367129790966535,-0.0367129790966535
2005-02-24 02:00:00,0.7,0.806799300428014,-0.106799300428014
2005-02-24 03:00:00,0.7,0.7412227057420413,-0.04122270574204134
2005-02-24 04:00:00,0.6,0.7033994438975437,-0.10339944389754374
2005-02-24 05:00:00,0.8,0.8191999557298875,-0.01919995572988742
2005-02-24 06:00:00,1.5,2.238530677923101,-0.7385306779231011
2005-02-24 07:00:00,3.1,3.076653361731262,0.02334663826873795
2005-02-24 08:00:00,3.8,3.861706036583097,-0.061706036583097035
2005-02-24 09:00:00,2.7,3.44875134058236,-0.74875134058236
2005-02-24 10:00:00,1.8,2.45657966075934,-0.6565796607593402
2005-02-24 11:00:00,1.4,2.072750335343771,-0.6727503353437712
2005-02-24 12:00:00,1.7,1.972063975590639,-0.2720639755906391
2005-02-24 13:00:00,1.9,2.033759735660071,-0.13375973566007104
2005-02-24 14:00:00,2.2,2.1335961871394225,0.06640381286057773
2005-02-24 15:00:00,3.0,2.673332711688149,0.3266672883118509
2005-02-24 16:00:00,3.0,3.9270451469797094,-0.9270451469797094
2005-02-24 17:00:00,3.9,3.7359363427380785,0.1640636572619214
2005-02-24 18:00:00,4.0,4.492848539832673,-0.4928485398326732
2005-02-24 19:00:00,3.9,4.022718391735767,-0.12271839173576682
2005-02-24 20:00:00,3.5,3.3407172996804646,0.1592827003195354
2005-02-24 21:00:00,2.4,2.9773262985523137,-0.5773262985523138
2005-02-24 22:00:00,2.1,2.149591761290942,-0.04959176129094178
2005-02-24 23:00:00,2.5,2.0614196848528237,0.4385803151471763
2005-02-25 00:00:00,2.1,2.075666170229878,0.024333829770121884
2005-02-25 01:00:00,1.5,1.8312330882492465,-0.33123308824924647
2005-02-25 02:00:00,1.1,1.4199561230767872,-0.3199561230767871
2005-02-25 03:00:00,1.0,1.112188821218772,-0.11218882121877205
2005-02-25 04:00:00,0.8,1.0017058533586296,-0.20170585335862956
2005-02-25 05:00:00,1.0,0.9206759535550166,0.07932404644498336
2005-02-25 06:00:00,1.4,1.9410074862469642,-0.5410074862469643
2005-02-25 07:00:00,3.6,2.5855818062231664,1.0144181937768337
2005-02-25 08:00:00,5.8,4.397165352734156,1.402834647265844
2005-02-25 09:00:00,4.2,4.353311774846557,-0.15331177484655711
2005-02-25 10:00:00,3.3,3.102760602962637,0.1972393970373627
2005-02-25 11:00:00,1.7,2.740004051704451,-1.0400040517044509
2005-02-25 12:00:00,2.1,1.8594689619259932,0.2405310380740069
2005-02-25 13:00:00,2.2,2.163601133064433,0.03639886693556704
2005-02-25 14:00:00,1.8,2.1379952507447513,-0.33799525074475123
2005-02-25 15:00:00,2.0,2.08921667974201,-0.0892166797420102
2005-02-25 16:00:00,2.3,2.514291778597712,-0.2142917785977123
2005-02-25 17:00:00,2.8,2.8834852214635758,-0.08348522146357595
2005-02-25 18:00:00,3.4,3.063717950037866,0.33628204996213373
2005-02-25 19:00:00,4.0,3.4378778088969804,0.5621221911030196
2005-02-25 20:00:00,2.3,3.1391530841665705,-0.8391530841665706
2005-02-25 21:00:00,2.7,2.085176876860099,0.6148231231399013
2005-02-25 22:00:00,2.7,2.3595643067166394,0.34043569328336076
2005-02-25 23:00:00,2.8,2.3133619842165456,0.4866380157834542
2005-02-26 00:00:00,2.1,2.1170561349348995,-0.017056134934899436
2005-02-26 01:00:00,1.9,1.774693867450603,0.12530613254939693
2005-02-26 02:00:00,2.1,1.7385624666128778,0.36143753338712226
2005-02-26 03:00:00,1.7,1.842778928587079,-0.14277892858707908
2005-02-26 04:00:00,1.3,1.5412670570088487,-0.24126705700884865
2005-02-26 05:00:00,0.9,1.2364653746472203,-0.33646537464722026
2005-02-26 06:00:00,1.0,1.3429829047207045,-0.3429829047207045
2005-02-26 07:00:00,1.0,1.3320245513389273,-0.3320245513389273
2005-02-26 08:00:00,1.5,1.2852548735971772,0.21474512640282284
2005-02-26 09:00:00,1.5,1.564170235238629,-0.06417023523862908
2005-02-26 10:00:00,1.4,1.487531393888564,-0.08753139388856401
2005-02-26 11:00:00,2.4,1.487531393888564,0.912468606111436
2005-02-26 12:00:00,2.8,2.4187493843747516,0.3812506156252482
2005-02-26 13:00:00,2.9,2.3288739786203925,0.5711260213796074
2005-02-26 14:00:00,2.6,2.40753032633949,0.19246967366051004
2005-02-26 15:00:00,2.5,2.4339880312497275,0.06601196875027249
2005-02-26 16:00:00,2.7,2.591472343021742,0.10852765697825806
2005-02-26 17:00:00,2.8,2.735423130683662,0.06457686931633777
2005-02-26 18:00:00,3.0,2.7830404529378012,0.21695954706219878
2005-02-26 19:00:00,3.7,2.6293126337425647,1.0706873662574354
2005-02-26 20:00:00,3.5,3.006460458811817,0.4935395411881829
2005-02-26 21:00:00,3.8,2.5957907682130306,1.2042092317869693
2005-02-26 22:00:00,4.3,2.956116127093464,1.3438838729065359
2005-02-26 23:00:00,4.8,3.227432417790867,1.5725675822091327
2005-02-27 00:00:00,4.2,3.4287218406254496,0.7712781593745506
2005-02-27 01:00:00,3.3,2.934901861409957,0.3650981385900427
2005-02-27 02:00:00,3.0,2.2762328761113366,0.7237671238886634
2005-02-27 03:00:00,3.0,2.204369601271095,0.7956303987289051
2005-02-27 04:00:00,1.0,2.040797472227144,-1.040797472227144
2005-02-27 05:00:00,0.9,1.0299309738541054,-0.12993097385410535
2005-02-27 06:00:00,1.1,1.2704927899235512,-0.1704927899235511
2005-02-27 07:00:00,1.1,1.513579312916081,-0.41357931291608097
2005-02-27 08:00:00,1.2,1.1748047282888479,0.0251952717111521
2005-02-27 09:00:00,1.7,1.3271725717908949,0.3728274282091051
2005-02-27 10:00:00,1.6,2.2207242453643348,-0.6207242453643347
2005-02-27 11:00:00,1.4,1.6103903694626263,-0.21039036946262635
2005-02-27 12:00:00,1.8,1.4422940521171612,0.3577059478828388
2005-02-27 13:00:00,1.1,1.7784780166478507,-0.6784780166478506
2005-02-27 14:00:00,0.9,1.1819338654116585,-0.28193386541165844
2005-02-27 15:00:00,1.1,1.0916336872236279,0.008366312776372231
2005-02-27 16:00:00,1.1,1.4050043747308072,-0.3050043747308071
2005-02-27 17:00:00,1.2,1.3419757787583435,-0.14197577875834355
2005-02-27 18:00:00,1.6,1.4203662860722688,0.1796337139277313
2005-02-27 19:00:00,2.6,1.9165376130143608,0.6834623869856393
2005-02-27 20:00:00,1.5,2.303469446636891,-0.8034694466368908
2005-02-27 21:00:00,1.0,1.3592341958376837,-0.3592341958376837
2005-02-27 22:00:00,1.3,1.1035172678661178,0.19648273213388223
2005-02-27 23:00:00,1.6,1.2891750120414247,0.3108249879585754
2005-02-28 00:00:00,1.0,1.31856580246619,-0.31856580246618993
2005-02-28 01:00:00,0.6,0.7798960560620123,-0.1798960560620123
2005-02-28 02:00:00,0.4,0.5195622364603486,-0.11956223646034858
2005-02-28 03:00:00,0.3,0.394445981927391,-0.09444598192739101
2005-02-28 04:00:00,0.3,0.27253048219862674,0.027469517801373244
2005-02-28 05:00:00,0.3,0.4584597922171646,-0.1584597922171646
2005-02-28 06:00:00,0.4,0.8193360063646571,-0.41933600636465707
2005-02-28 07:00:00,1.0,1.0494605017574912,-0.04946050175749117
2005-02-28 08:00:00,1.2,1.692780647296654,-0.49278064729665405
2005-02-28 09:00:00,1.0,1.1131563456660276,-0.11315634566602761
2005-02-28 10:00:00,0.9,1.040636543698999,-0.14063654369899903
2005-02-28 11:00:00,0.8,1.038213599805455,-0.23821359980545487
2005-02-28 12:00:00,1.1,0.9916208822601164,0.10837911773988373
2005-02-28 13:00:00,1.0,1.2922693512297156,-0.29226935122971565
2005-02-28 14:00:00,0.8,1.215622406782222,-0.41562240678222206
2005-02-28 15:00:00,0.9,1.3220600749984754,-0.4220600749984754
2005-02-28 16:00:00,0.9,1.5161892680194275,-0.6161892680194275
2005-02-28 17:00:00,2.0,1.3691142258837872,0.6308857741162128
2005-02-28 18:00:00,2.4,3.2288692756497688,-0.8288692756497689
2005-02-28 19:00:00,2.5,2.2560103579705273,0.2439896420294727
2005-02-28 20:00:00,1.6,2.125273610607503,-0.5252736106075031
2005-02-28 21:00:00,0.9,1.4908929895216523,-0.5908929895216523
2005-02-28 22:00:00,0.7,1.1589142470268325,-0.4589142470268326
2005-02-28 23:00:00,0.6,1.082331865160549,-0.48233186516054893
2005-03-01 00:00:00,0.6,0.6538357893542754,-0.053835789354275465
2005-03-01 01:00:00,0.4,0.4549945096618726,-0.05499450966187258
2005-03-01 02:00:00,0.2,0.45976418112863776,-0.25976418112863775
2005-03-01 03:00:00,0.2,0.4343971173872712,-0.2343971173872712
2005-03-01 04:00:00,0.2,0.4108771916908748,-0.21087719169087477
2005-03-01 05:00:00,0.2,0.6163261509095582,-0.4163261509095582
2005-03-01 06:00:00,0.5,0.8405953591400882,-0.3405953591400882
2005-03-01 07:00:00,1.5,1.5193515468402117,-0.019351546840211675
2005-03-01 08:00:00,1.9,2.6860785972267482,-0.7860785972267483
2005-03-01 09:00:00,1.4,2.1189058999296946,-0.7189058999296947
2005-03-01 10:00:00,0.9,1.4264866118209514,-0.5264866118209514
2005-03-01 11:00:00,0.7,1.1622691713036628,-0.46226917130366285
2005-03-01 12:00:00,0.8,1.0970759228742433,-0.2970759228742432
2005-03-01 13:00:00,1.0,1.1763891065375223,-0.17638910653752227
2005-03-01 14:00:00,0.9,1.4248018252297174,-0.5248018252297174
2005-03-01 15:00:00,1.0,1.3670081650289625,-0.3670081650289625
2005-03-01 16:00:00,0.9,1.5672210240388382,-0.6672210240388382
2005-03-01 17:00:00,1.4,1.5286176651228516,-0.12861766512285167
2005-03-01 18:00:00,2.1,1.8964844431420342,0.20351555685796585
2005-03-01 19:00:00,2.8,2.8616410339785356,-0.06164103397853582
2005-03-01 20:00:00,2.2,2.5628899623440833,-0.3628899623440831
2005-03-01 21:00:00,1.0,2.0464427508146734,-1.0464427508146734
2005-03-01 22:00:00,1.1,1.2211383070280606,-0.1211383070280605
2005-03-01 23:00:00,0.9,1.2966350662272708,-0.39663506622727074
2005-03-02 00:00:00,0.8,0.9515618404216583,-0.1515618404216582
2005-03-02 01:00:00,0.6,0.8395999643587257,-0.23959996435872577
2005-03-02 02:00:00,0.5,0.6275286313872945,-0.12752863138729453
2005-03-02 03:00:00,0.5,0.6760596181502818,-0.17605961815028182
2005-03-02 04:00:00,0.4,0.6205558971989986,-0.2205558971989986
2005-03-02 05:00:00,0.5,0.608721616431023,-0.10872161643102296
2005-03-02 06:00:00,0.7,1.2899565350700983,-0.5899565350700984
2005-03-02 07:00:00,2.4,1.496184960426805,0.903815039573195
2005-03-02 08:00:00,2.8,3.2276580854481725,-0.42765808544817263
2005-03-02 09:00:00,2.0,2.4923045262437937,-0.4923045262437937
2005-03-02 10:00:00,2.2,2.087633826157959,0.1123661738420414
2005-03-02 11:00:00,1.4,2.230860001369209,-0.8308600013692091
2005-03-02 12:00:00,1.2,1.631366571199996,-0.4313665711999961
2005-03-02 13:00:00,1.9,1.4652953603082437,0.4347046396917562
2005-03-02 14:00:00,1.3,2.695046575568815,-1.3950465755688148
2005-03-02 15:00:00,2.0,1.7907590791408357,0.20924092085916435
2005-03-02 16:00:00,2.0,2.992653347301296,-0.992653347301296
2005-03-02 17:00:00,3.4,2.7346262883554417,0.6653737116445582
2005-03-02 18:00:00,5.1,4.159694805471383,0.9403051945286167
2005-03-02 19:00:00,5.3,4.3909071988402015,0.9090928011597983
2005-03-02 20:00:00,2.8,4.008153648168557,-1.2081536481685573
2005-03-02 21:00:00,1.6,2.1128132115278646,-0.5128132115278645
2005-03-02 22:00:00,1.4,1.666417215837035,-0.26641721583703504
2005-03-02 23:00:00,1.4,1.4388124662777069,-0.03881246627770696
2005-03-03 00:00:00,1.4,1.2954600326761863,0.10453996732381365
2005-03-03 01:00:00,1.1,1.1274675421794051,-0.027467542179405058
2005-03-03 02:00:00,0.9,1.0024206643972506,-0.10242066439725062
2005-03-03 03:00:00,1.0,0.916630305524017,0.08336969447598297
2005-03-03 04:00:00,1.0,1.5891789964079117,-0.5891789964079117
2005-03-03 05:00:00,1.2,1.2725328431981708,-0.07253284319817088
2005-03-03 06:00:00,1.4,2.1551736661699326,-0.7551736661699326
2005-03-03 07:00:00,3.0,2.496729870276477,0.5032701297235231
2005-03-03 08:00:00,4.2,3.8500656918027256,0.34993430819727456
2005-03-03 09:00:00,2.1,3.4103313547025955,-1.3103313547025954
2005-03-03 10:00:00,2.0,2.1235980089607054,-0.12359800896070539
2005-03-03 11:00:00,1.6,2.5543728782884063,-0.9543728782884062
2005-03-03 12:00:00,1.4,2.0255131152760666,-0.6255131152760667
2005-03-03 13:00:00,1.6,1.779662559710981,-0.17966255971098088
2005-03-03 14:00:00,1.5,1.9173213362228123,-0.4173213362228123
2005-03-03 15:00:00,1.7,2.079568147623046,-0.3795681476230459
2005-03-03 16:00:00,1.9,2.2264183836671023,-0.3264183836671024
2005-03-03 17:00:00,3.8,2.793443792609588,1.0065562073904117
2005-03-03 18:00:00,5.4,4.332788143402627,1.067211856597373
2005-03-03 19:00:00,4.2,5.213899544928556,-1.013899544928556
2005-03-03 20:00:00,3.8,3.1460056882458964,0.6539943117541034
2005-03-03 21:00:00,2.3,2.7974307813802803,-0.4974307813802805
2005-03-03 22:00:00,2.1,2.162904777123702,-0.0629047771237019
2005-03-03 23:00:00,2.3,1.9841629006260293,0.31583709937397053
2005-03-04 00:00:00,2.3,1.9634951515784285,0.33650484842157136
2005-03-04 01:00:00,1.7,1.946545376678477,-0.2465453766784771
2005-03-04 02:00:00,1.2,1.5113310689534167,-0.3113310689534168
2005-03-04 03:00:00,0.6,1.118430841452708,-0.518430841452708
2005-03-04 04:00:00,0.9,0.6634253952815554,0.2365746047184446
2005-03-04 05:00:00,1.1,1.8508023192283516,-0.7508023192283515
2005-03-04 06:00:00,1.9,2.015184311635925,-0.11518431163592524
2005-03-04 07:00:00,3.7,3.279503435201418,0.4204965647985821
2005-03-04 08:00:00,6.1,4.05157575012363,2.04842424987637
2005-03-04 09:00:00,4.6,4.831576344881833,-0.23157634488183376
2005-03-04 10:00:00,3.3,3.159126516473316,0.1408734835266836
2005-03-04 11:00:00,3.3,3.1128438296496803,0.1871561703503195
2005-03-04 12:00:00,3.4,3.6034676786415383,-0.20346767864153836
2005-03-04 13:00:00,3.6,3.6589817886153226,-0.05898178861532255
2005-03-04 14:00:00,3.9,3.6874664273737254,0.21253357262627448
2005-03-04 15:00:00,4.8,3.9736203379612887,0.8263796620387112
2005-03-04 16:00:00,3.9,5.046097691780743,-1.1460976917807435
2005-03-04 17:00:00,3.6,4.467808000436576,-0.8678080004365758
2005-03-04 18:00:00,3.6,3.9716453509731626,-0.37164535097316254
2005-03-04 19:00:00,4.6,3.7650353515050696,0.83496464849493
2005-03-04 20:00:00,2.3,3.8184359469407743,-1.5184359469407744
2005-03-04 21:00:00,1.6,2.0994367370950777,-0.49943673709507763
2005-03-04 22:00:00,1.8,1.6648751868684373,0.13512481313156277
2005-03-04 23:00:00,2.2,1.7823224850055384,0.4176775149944618
2005-03-05 00:00:00,2.1,1.9187482144963872,0.18125178550361287
2005-03-05 01:00:00,1.7,1.7218268058325654,-0.021826805832565466
2005-03-05 02:00:00,1.5,1.4824716193680239,0.017528380631976148
2005-03-05 03:00:00,1.5,1.5110843450681493,-0.01108434506814926
2005-03-05 04:00:00,1.1,1.4384724426130309,-0.3384724426130308
2005-03-05 05:00:00,1.1,1.1690172107192691,-0.06901721071926903
2005-03-05 06:00:00,0.8,1.6236333345265244,-0.8236333345265243
2005-03-05 07:00:00,1.3,1.1904606763950518,0.10953932360494822
2005-03-05 08:00:00,2.3,2.250947439587963,0.04905256041203687
2005-03-05 09:00:00,1.1,2.699218581420123,-1.5992185814201227
2005-03-05 10:00:00,1.1,1.1987953366770818,-0.09879533667708174
2005-03-05 11:00:00,1.5,1.3039686756217432,0.19603132437825677
2005-03-05 12:00:00,1.6,1.6665451548764365,-0.06654515487643642
2005-03-05 13:00:00,2.2,1.6410261175373249,0.5589738824626753
2005-03-05 14:00:00,1.5,2.3358552740446195,-0.8358552740446195
2005-03-05 15:00:00,1.8,1.6491598475260405,0.15084015247395954
2005-03-05 16:00:00,2.0,2.3320903639952895,-0.33209036399528946
2005-03-05 17:00:00,1.9,2.2808656619768,-0.38086566197680005
2005-03-05 18:00:00,2.5,2.22622670904647,0.27377329095353
2005-03-05 19:00:00,2.6,2.578277966702924,0.021722033297076226
2005-03-05 20:00:00,3.2,2.130761711011635,1.0692382889883651
2005-03-05 21:00:00,2.2,2.777066190316227,-0.5770661903162266
2005-03-05 22:00:00,1.9,2.028608164969444,-0.12860816496944416
2005-03-05 23:00:00,2.4,1.9049180161945036,0.4950819838054963
2005-03-06 00:00:00,1.8,1.9890558478319378,-0.18905584783193774
2005-03-06 01:00:00,0.9,1.5576100285515437,-0.6576100285515437
2005-03-06 02:00:00,0.8,0.7197421290289793,0.08025787097102077
2005-03-06 03:00:00,0.7,0.7922016504950636,-0.09220165049506368
2005-03-06 04:00:00,0.6,0.5412276102029532,0.0587723897970468
2005-03-06 05:00:00,0.5,0.6151845865051099,-0.11518458650510988
2005-03-06 06:00:00,0.6,0.8100670059724887,-0.21006700597248873
2005-03-06 07:00:00,0.6,0.962224896889836,-0.36222489688983606
2005-03-06 08:00:00,0.7,0.8833151889152736,-0.18331518891527365
2005-03-06 09:00:00,0.7,0.8718966924583181,-0.17189669245831818
2005-03-06 10:00:00,0.9,0.8924324546264013,0.007567545373598716
2005-03-06 11:00:00,1.0,1.0610940365062178,-0.06109403650621781
2005-03-06 12:00:00,1.0,1.0661604188936602,-0.0661604188936602
2005-03-06 13:00:00,1.4,1.058431336552249,0.34156866344775083
2005-03-06 14:00:00,3.0,1.7835834097403858,1.2164165902596142
2005-03-06 15:00:00,1.5,3.1515637908558705,-1.6515637908558705
2005-03-06 16:00:00,1.7,1.7007370082404556,-0.0007370082404556388
2005-03-06 17:00:00,2.3,2.1592428024314003,0.1407571975685995
2005-03-06 18:00:00,2.5,2.5242503227152997,-0.0242503227152997
2005-03-06 19:00:00,2.1,2.312200299926291,-0.21220029992629108
2005-03-06 20:00:00,1.5,1.814857553958353,-0.3148575539583529
2005-03-06 21:00:00,1.4,1.520428349669806,-0.12042834966980598
2005-03-06 22:00:00,1.4,1.443607883154323,-0.04360788315432318
2005-03-06 23:00:00,1.4,1.4366277474418365,-0.03662774744183661
2005-03-07 00:00:00,1.2,1.172979604128592,0.02702039587140792
2005-03-07 01:00:00,0.9,1.0005481350666467,-0.10054813506664673
2005-03-07 02:00:00,0.6,0.7240953565021717,-0.12409535650217174
2005-03-07 03:00:00,0.4,0.6121357977732593,-0.2121357977732593
2005-03-07 04:00:00,0.4,0.45757394047193206,-0.05757394047193204
2005-03-07 05:00:00,0.5,0.6598215764844002,-0.1598215764844002
2005-03-07 06:00:00,0.7,1.15138281310173,-0.4513828131017301
2005-03-07 07:00:00,1.5,1.5759309869280018,-0.07593098692800182
2005-03-07 08:00:00,1.9,2.7787223974094104,-0.8787223974094105
2005-03-07 09:00:00,1.6,1.8952313812454806,-0.29523138124548054
2005-03-07 10:00:00,1.4,1.5051504663279307,-0.10515046632793079
2005-03-07 11:00:00,1.3,1.356977865833857,-0.05697786583385689
2005-03-07 12:00:00,1.3,1.3986251696780576,-0.09862516967805757
2005-03-07 13:00:00,1.2,1.393968924229448,-0.193968924229448
2005-03-07 14:00:00,1.3,1.379965699310192,-0.07996569931019204
2005-03-07 15:00:00,1.4,1.7414015101668596,-0.3414015101668597
2005-03-07 16:00:00,1.7,1.841361525976396,-0.14136152597639606
2005-03-07 17:00:00,2.5,2.341324022045155,0.15867597795484478
2005-03-07 18:00:00,3.8,3.213443743056785,0.586556256943215
2005-03-07 19:00:00,4.2,3.757054219389156,0.44294578061084433
2005-03-07 20:00:00,2.8,3.041491107518868,-0.24149110751886838
2005-03-07 21:00:00,1.5,2.034584827690548,-0.5345848276905478
2005-03-07 22:00:00,1.8,1.565935262006028,0.23406473799397198
2005-03-07 23:00:00,1.5,1.9615497111602165,-0.4615497111602165
2005-03-08 00:00:00,1.5,1.3894043895986725,0.11059561040132748
2005-03-08 01:00:00,1.2,1.482675806942977,-0.2826758069429771
2005-03-08 02:00:00,0.8,1.0290006086837171,-0.22900060868371708
2005-03-08 03:00:00,0.8,0.8077829604080192,-0.007782960408019179
2005-03-08 04:00:00,0.7,0.7834176902136991,-0.08341769021369916
2005-03-08 05:00:00,0.7,0.8477435603124917,-0.1477435603124917
2005-03-08 06:00:00,1.3,1.409361763934103,-0.1093617639341029
2005-03-08 07:00:00,3.4,2.2748674019560617,1.1251325980439382
2005-03-08 08:00:00,5.5,4.325006592002045,1.1749934079979552
2005-03-08 09:00:00,4.1,4.326136305359739,-0.2261363053597396
2005-03-08 10:00:00,3.0,3.0389510518202805,-0.03895105182028047
2005-03-08 11:00:00,1.9,2.7213090812613245,-0.8213090812613246
2005-03-08 12:00:00,1.8,2.091746375723051,-0.29174637572305095
2005-03-08 13:00:00,2.1,1.9475112267212815,0.15248877327871857
2005-03-08 14:00:00,2.3,2.1099861402725986,0.19001385972740126
2005-03-08 15:00:00,2.3,2.4386853453004598,-0.13868534530045995
2005-03-08 16:00:00,2.0,2.8512373548677132,-0.8512373548677132
2005-03-08 17:00:00,3.1,2.542113937231928,0.557886062768072
2005-03-08 18:00:00,5.1,3.927292458132951,1.1727075418670485
2005-03-08 19:00:00,5.9,4.766129618104596,1.1338703818954041
2005-03-08 20:00:00,3.2,4.710448261853077,-1.5104482618530772
2005-03-08 21:00:00,2.4,2.4236126882730615,-0.02361268827306162
2005-03-08 22:00:00,1.4,2.0549538597380845,-0.6549538597380846
2005-03-08 23:00:00,1.4,1.582613459817049,-0.18261345981704902
2005-03-09 00:00:00,1.3,1.3698867042269192,-0.06988670422691912
2005-03-09 01:00:00,1.0,1.1513668681959117,-0.15136686819591172
2005-03-09 02:00:00,0.8,0.9085046967519869,-0.10850469675198682
2005-03-09 03:00:00,0.8,0.8147273544728483,-0.01472735447284823
2005-03-09 04:00:00,0.9,0.8002369618994356,0.09976303810056442
2005-03-09 05:00:00,0.9,1.1215746895648733,-0.22157468956487325
2005-03-09 06:00:00,1.7,1.611434655090553,0.08856534490944701
2005-03-09 07:00:00,4.3,3.183802679830169,1.1161973201698308
2005-03-09 08:00:00,6.0,4.895256279822566,1.1047437201774342
2005-03-09 09:00:00,3.8,4.740695023494338,-0.9406950234943379
2005-03-09 10:00:00,3.3,3.056389988089915,0.2436100119100848
2005-03-09 11:00:00,2.3,3.095138661731335,-0.7951386617313352
2005-03-09 12:00:00,2.4,2.3699019271303245,0.030098072869675363
2005-03-09 13:00:00,2.2,2.5126393419248454,-0.3126393419248452
2005-03-09 14:00:00,1.9,2.2038428547265,-0.3038428547265002
2005-03-09 15:00:00,1.7,2.1495847830477923,-0.44958478304779237
2005-03-09 16:00:00,1.9,2.172185691754472,-0.27218569175447227
2005-03-09 17:00:00,3.8,2.3197889092817525,1.4802110907182473
2005-03-09 18:00:00,5.3,4.189074845944367,1.110925154055633
2005-03-09 19:00:00,5.9,5.245029372430776,0.6549706275692246
2005-03-09 20:00:00,5.5,4.575315805297015,0.9246841947029854
2005-03-09 21:00:00,2.0,4.328467520904826,-2.328467520904826
2005-03-09 22:00:00,1.8,1.8180861818304321,-0.01808618183043209
2005-03-09 23:00:00,1.6,1.7610561898192312,-0.1610561898192311
2005-03-10 00:00:00,1.3,1.486674707566601,-0.18667470756660087
2005-03-10 01:00:00,1.1,1.1071527327979256,-0.007152732797925498
2005-03-10 02:00:00,1.1,0.9716511026110114,0.1283488973889887
2005-03-10 03:00:00,1.0,1.0811317112085288,-0.0811317112085288
2005-03-10 04:00:00,0.8,0.9746460109857161,-0.17464601098571608
2005-03-10 05:00:00,0.9,0.9890108549136738,-0.08901085491367378
2005-03-10 06:00:00,1.3,1.6778294915348555,-0.37782949153485546
2005-03-10 07:00:00,4.1,2.632679721424971,1.4673202785750288
2005-03-10 08:00:00,3.9,5.074695265175934,-1.174695265175934
2005-03-10 09:00:00,3.5,3.696217486470731,-0.19621748647073112
2005-03-10 10:00:00,2.7,2.97988903198166,-0.2798890319816598
2005-03-10 11:00:00,2.3,2.7409470786389267,-0.4409470786389269
2005-03-10 12:00:00,2.3,2.462155692604428,-0.1621556926044283
2005-03-10 13:00:00,2.1,2.505820888313029,-0.40582088831302876
2005-03-10 14:00:00,2.2,2.231702527023911,-0.031702527023910854
2005-03-10 15:00:00,1.8,2.416797017080522,-0.6167970170805221
2005-03-10 16:00:00,1.9,2.32870953724635,-0.4287095372463501
2005-03-10 17:00:00,2.7,2.488566394135842,0.21143360586415838
2005-03-10 18:00:00,4.7,3.352303434584272,1.347696565415728
2005-03-10 19:00:00,5.4,4.1456030929299805,1.2543969070700198
2005-03-10 20:00:00,4.2,4.183208816489078,0.01679118351092246
2005-03-10 21:00:00,2.1,2.9566484558533146,-0.8566484558533145
2005-03-10 22:00:00,1.4,1.9235216545956368,-0.5235216545956369
2005-03-10 23:00:00,1.4,1.4512385194479762,-0.051238519447976305
2005-03-11 00:00:00,1.4,1.288027604600358,0.11197239539964188
2005-03-11 01:00:00,1.0,1.1459560562092883,-0.1459560562092883
2005-03-11 02:00:00,0.8,0.9101380211947393,-0.11013802119473926
2005-03-11 03:00:00,0.8,0.8125651903434744,-0.012565190343474364
2005-03-11 04:00:00,0.7,0.8190728622654214,-0.11907286226542146
2005-03-11 05:00:00,0.6,0.8869255382435722,-0.28692553824357225
2005-03-11 06:00:00,0.2,1.2589838357866703,-1.0589838357866703
2005-03-11 07:00:00,1.5,0.9749187749734143,0.5250812250265857
2005-03-11 08:00:00,3.5,2.9956660112980686,0.5043339887019314
2005-03-11 09:00:00,3.0,3.7818408293630283,-0.7818408293630283
2005-03-11 10:00:00,3.0,2.789499040049195,0.2105009599508052
2005-03-11 11:00:00,1.0,3.061290376376315,-2.061290376376315
2005-03-11 12:00:00,1.5,1.4057002866781139,0.09429971332188614
2005-03-11 13:00:00,2.2,1.9031097652808755,0.2968902347191247
2005-03-11 14:00:00,1.7,2.611125862081125,-0.9111258620811251
2005-03-11 15:00:00,1.1,2.13459888288172,-1.03459888288172
2005-03-11 16:00:00,1.3,1.986959525752492,-0.6869595257524919
2005-03-11 17:00:00,1.5,2.2001276315774314,-0.7001276315774314
2005-03-11 18:00:00,3.4,2.7897937208192505,0.6102062791807494
2005-03-11 19:00:00,3.8,3.9023299115957273,-0.10232991159572746
2005-03-11 20:00:00,2.8,2.859464328511353,-0.05946432851135297
2005-03-11 21:00:00,0.8,2.2034959194247836,-1.4034959194247836
2005-03-11 22:00:00,0.5,1.2016950133936544,-0.7016950133936544
2005-03-11 23:00:00,1.0,1.0474499879686925,-0.047449987968692486
2005-03-12 00:00:00,0.4,1.0166819420437365,-0.6166819420437365
2005-03-12 01:00:00,0.4,0.5858429279844426,-0.18584292798444257
2005-03-12 02:00:00,0.3,0.8238808854075135,-0.5238808854075134
2005-03-12 03:00:00,0.3,0.7408501370250934,-0.4408501370250934
2005-03-12 04:00:00,0.3,0.5660648555189539,-0.2660648555189539
2005-03-12 05:00:00,0.3,0.7610914130337741,-0.46109141303377416
2005-03-12 06:00:00,0.3,0.8243978666805523,-0.5243978666805522
2005-03-12 07:00:00,0.1,0.7370184005821583,-0.6370184005821583
2005-03-12 08:00:00,0.2,0.8958742077453133,-0.6958742077453133
2005-03-12 09:00:00,0.6,1.2773862988038025,-0.6773862988038025
2005-03-12 10:00:00,0.7,0.9187885265691114,-0.2187885265691114
2005-03-12 11:00:00,0.6,1.0447063750119476,-0.44470637501194765
2005-03-12 12:00:00,0.3,0.954110955971307,-0.654110955971307
2005-03-12 13:00:00,0.5,0.6561230616032652,-0.15612306160326517
2005-03-12 14:00:00,0.2,0.9014915901927454,-0.7014915901927454
2005-03-12 15:00:00,0.4,0.9028169638767491,-0.5028169638767491
2005-03-12 16:00:00,0.7,1.231483647688629,-0.5314836476886291
2005-03-12 17:00:00,0.9,1.5194824179709894,-0.6194824179709894
2005-03-12 18:00:00,0.8,1.7446367892118875,-0.9446367892118874
2005-03-12 19:00:00,2.4,1.2701959193591983,1.1298040806408016
2005-03-12 20:00:00,3.3,2.584139850954584,0.7158601490454157
2005-03-12 21:00:00,0.9,2.6379273248438166,-1.7379273248438167
2005-03-12 22:00:00,0.1,1.0833750700002407,-0.9833750700002407
2005-03-12 23:00:00,0.1,0.7599000333841359,-0.6599000333841359
2005-03-13 00:00:00,0.1,0.38566716436588966,-0.2856671643658897
2005-03-13 01:00:00,0.2,0.31274339807716545,-0.11274339807716544
2005-03-13 02:00:00,0.2,0.3467121257835737,-0.14671212578357368
2005-03-13 03:00:00,0.2,0.3599854942691226,-0.15998549426912256
2005-03-13 04:00:00,0.2,0.4268454398982859,-0.22684543989828587
2005-03-13 05:00:00,0.2,0.4089172132453421,-0.20891721324534207
2005-03-13 06:00:00,0.2,0.6232529420917631,-0.42325294209176306
2005-03-13 07:00:00,0.2,0.6363066945129208,-0.43630669451292076
2005-03-13 08:00:00,0.1,0.6093079271768294,-0.5093079271768294
2005-03-13 09:00:00,0.3,0.6058562268470687,-0.30585622684706876
2005-03-13 10:00:00,1.0,1.4537402055408004,-0.4537402055408004
2005-03-13 11:00:00,1.6,2.0324018721413224,-0.4324018721413223
2005-03-13 12:00:00,1.4,2.3154749684603635,-0.9154749684603636
2005-03-13 13:00:00,0.3,1.6567022573866592,-1.3567022573866592
2005-03-13 14:00:00,0.1,0.6458179535218002,-0.5458179535218002
2005-03-13 15:00:00,0.3,0.600797137215234,-0.300797137215234
2005-03-13 16:00:00,0.5,1.521773863546051,-1.021773863546051
2005-03-13 17:00:00,0.8,1.126093266946718,-0.32609326694671803
2005-03-13 18:00:00,3.2,1.5441613603278865,1.6558386396721136
2005-03-13 19:00:00,2.8,3.5835723726808224,-0.7835723726808226
2005-03-13 20:00:00,1.0,2.2573617076465893,-1.2573617076465893
2005-03-13 21:00:00,0.9,1.1096805307453697,-0.20968053074536963
2005-03-13 22:00:00,0.9,1.4328796463559301,-0.5328796463559301
2005-03-13 23:00:00,0.4,1.4266701407934153,-1.0266701407934153
2005-03-14 00:00:00,0.4,0.5210506507966729,-0.12105065079667288
2005-03-14 01:00:00,0.3,0.8378562961862552,-0.5378562961862552
2005-03-14 02:00:00,0.1,0.568971242487646,-0.468971242487646
2005-03-14 03:00:00,0.1,0.40049462839680894,-0.30049462839680896
2005-03-14 04:00:00,0.8,0.39438264952100066,0.4056173504789994
2005-03-14 05:00:00,1.0,1.350596137896807,-0.350596137896807
2005-03-14 06:00:00,1.6,2.3459770558282713,-0.7459770558282712
2005-03-14 07:00:00,3.5,2.5235192680481173,0.9764807319518827
2005-03-14 08:00:00,4.0,4.358692479376858,-0.3586924793768578
2005-03-14 09:00:00,3.5,3.6845643489435878,-0.18456434894358775
2005-03-14 10:00:00,1.6,2.7772104116324132,-1.1772104116324131
2005-03-14 11:00:00,1.5,1.7911869856081433,-0.29118698560814327
2005-03-14 12:00:00,1.5,1.8094536244506676,-0.3094536244506676
2005-03-14 13:00:00,1.7,1.7983961967608872,-0.09839619676088729
2005-03-14 14:00:00,1.6,1.7627225949547198,-0.16272259495471975
2005-03-14 15:00:00,2.4,1.854475506579148,0.5455244934208519
2005-03-14 16:00:00,3.4,3.297926937974607,0.10207306202539312
2005-03-14 17:00:00,5.4,4.026422441419918,1.3735775585800827
2005-03-14 18:00:00,6.5,5.348755866698036,1.1512441333019643
2005-03-14 19:00:00,6.5,5.460538825824312,1.0394611741756883
2005-03-14 20:00:00,4.0,4.7239127062649695,-0.7239127062649695
2005-03-14 21:00:00,2.1,2.3858386668685925,-0.2858386668685924
2005-03-14 22:00:00,1.6,1.8200944828118428,-0.22009448281184274
2005-03-14 23:00:00,1.5,1.5788561574455444,-0.07885615744554442
2005-03-15 00:00:00,0.7,1.4085805354390426,-0.7085805354390426
2005-03-15 01:00:00,0.7,0.6371141101026002,0.06288588989739974
2005-03-15 02:00:00,0.6,0.6814328868253182,-0.08143288682531824
2005-03-15 03:00:00,0.5,0.5859865626369137,-0.08598656263691373
2005-03-15 04:00:00,0.4,0.5202018520967586,-0.1202018520967586
2005-03-15 05:00:00,0.6,0.6562253028274355,-0.05622530282743554
2005-03-15 06:00:00,0.9,1.5384799160841227,-0.6384799160841227
2005-03-15 07:00:00,2.6,1.7422557459163364,0.8577442540836637
2005-03-15 08:00:00,3.3,3.8813628381096543,-0.5813628381096545
2005-03-15 09:00:00,4.0,3.3953826763304416,0.6046173236695584
2005-03-15 10:00:00,3.1,3.3269325259689593,-0.2269325259689592
2005-03-15 11:00:00,2.2,2.8419035977258424,-0.6419035977258423
2005-03-15 12:00:00,2.1,2.111491924115387,-0.011491924115386798
2005-03-15 13:00:00,2.2,2.2010874070648336,-0.0010874070648334566
2005-03-15 14:00:00,1.9,2.2497563513718153,-0.3497563513718154
2005-03-15 15:00:00,2.5,2.1986424503936886,0.30135754960631145
2005-03-15 16:00:00,2.9,3.152610656611566,-0.25261065661156623
2005-03-15 17:00:00,3.9,3.584611367415845,0.31538863258415484
2005-03-15 18:00:00,6.3,4.409166233298889,1.8908337667011113
2005-03-15 19:00:00,7.4,5.72740658062279,1.6725934193772103
2005-03-15 20:00:00,5.7,5.039693137020019,0.6603068629799811
2005-03-15 21:00:00,2.3,3.953254817522655,-1.6532548175226554
2005-03-15 22:00:00,1.5,2.0027011144869644,-0.5027011144869644
2005-03-15 23:00:00,1.4,1.6276223067265583,-0.22762230672655837
2005-03-16 00:00:00,1.1,1.3872124084066235,-0.28721240840662343
2005-03-16 01:00:00,0.9,0.9721402114870303,-0.07214021148703031
2005-03-16 02:00:00,0.7,0.8669062616104397,-0.16690626161043975
2005-03-16 03:00:00,0.6,0.7964712726204382,-0.19647127262043818
2005-03-16 04:00:00,0.6,0.6771570445038249,-0.07715704450382488
2005-03-16 05:00:00,0.8,0.845481116812812,-0.04548111681281197
2005-03-16 06:00:00,1.0,1.8326873382488391,-0.8326873382488391
2005-03-16 07:00:00,2.1,1.7454537696546915,0.35454623034530863
2005-03-16 08:00:00,4.2,3.12213311206417,1.07786688793583
2005-03-16 09:00:00,4.3,4.452397526433213,-0.15239752643321314
2005-03-16 10:00:00,3.2,3.2771083956459393,-0.07710839564593908
2005-03-16 11:00:00,2.8,2.8359551844192934,-0.03595518441929357
2005-03-16 12:00:00,2.4,2.7543448455438124,-0.3543448455438125
2005-03-16 13:00:00,2.5,2.383808848557304,0.11619115144269587
2005-03-16 14:00:00,2.9,2.445841314664356,0.45415868533564385
2005-03-16 15:00:00,3.0,3.208270863825504,-0.2082708638255042
2005-03-16 16:00:00,3.6,3.299273391947853,0.3007266080521469
2005-03-16 17:00:00,3.5,4.199816939400882,-0.6998169394008817
2005-03-16 18:00:00,4.8,4.131313990399058,0.6686860096009415
2005-03-16 19:00:00,4.4,4.479379288884914,-0.07937928888491363
2005-03-16 20:00:00,4.9,3.51889400280147,1.3811059971985302
2005-03-16 21:00:00,2.9,4.079291522663346,-1.179291522663346
2005-03-16 22:00:00,2.1,2.2742566223921354,-0.17425662239213535
2005-03-16 23:00:00,1.6,1.9121470034282173,-0.3121470034282172
2005-03-17 00:00:00,1.2,1.429317149802478,-0.22931714980247797
2005-03-17 01:00:00,0.9,1.0820697178685128,-0.18206971786851278
2005-03-17 02:00:00,0.7,0.9151447177832313,-0.2151447177832313
2005-03-17 03:00:00,0.7,0.7549149795205379,-0.05491497952053792
2005-03-17 04:00:00,0.5,0.7784600548294377,-0.2784600548294377
2005-03-17 05:00:00,0.6,0.8006651921635503,-0.20066519216355028
2005-03-17 06:00:00,1.3,1.410985457444996,-0.110985457444996
2005-03-17 07:00:00,3.8,3.062999766148119,0.7370002338518806
2005-03-17 08:00:00,5.6,4.595173087223131,1.0048269127768688
2005-03-17 09:00:00,4.4,4.388181826232777,0.011818173767223605
2005-03-17 10:00:00,3.0,3.399148757584752,-0.3991487575847521
2005-03-17 11:00:00,2.2,2.7234048321285766,-0.5234048321285765
2005-03-17 12:00:00,2.0,2.163719373773237,-0.1637193737732372
2005-03-17 13:00:00,2.2,2.214050416857657,-0.014050416857656955
2005-03-17 14:00:00,2.1,2.237113883935699,-0.13711388393569912
2005-03-17 15:00:00,2.2,2.318270847929298,-0.11827084792929776
2005-03-17 16:00:00,1.9,2.5985401453656505,-0.6985401453656506
2005-03-17 17:00:00,2.7,2.503731292045181,0.1962687079548191
2005-03-17 18:00:00,3.9,3.461992713020142,0.4380072869798579
2005-03-17 19:00:00,5.6,3.880348802907848,1.7196511970921518
2005-03-17 20:00:00,4.9,4.421520585271842,0.4784794147281586
2005-03-17 21:00:00,2.2,3.53493329382837,-1.33493329382837
2005-03-17 22:00:00,1.9,1.9126067251155672,-0.012606725115567263
2005-03-17 23:00:00,1.4,1.94346971273943,-0.5434697127394301
2005-03-18 00:00:00,1.3,1.369108361623502,-0.06910836162350198
2005-03-18 01:00:00,1.1,1.1501632151462642,-0.050163215146264095
2005-03-18 02:00:00,0.9,0.9896537848364205,-0.0896537848364205
2005-03-18 03:00:00,0.9,0.8992651897049709,0.0007348102950290869
2005-03-18 04:00:00,0.7,0.9008099806032517,-0.20080998060325173
2005-03-18 05:00:00,0.8,0.9271405217014173,-0.1271405217014172
2005-03-18 06:00:00,1.2,1.5505794824820118,-0.3505794824820119
2005-03-18 07:00:00,2.9,2.1123396445651412,0.7876603554348587
2005-03-18 08:00:00,5.4,4.113497698286279,1.2865023017137212
2005-03-18 09:00:00,4.3,4.495597910506359,-0.19559791050635944
2005-03-18 10:00:00,3.1,3.4162731387426972,-0.31627313874269714
2005-03-18 11:00:00,2.4,2.9856162597908815,-0.5856162597908816
2005-03-18 12:00:00,2.3,2.3510334362443586,-0.05103343624435874
2005-03-18 13:00:00,2.3,2.433137462247995,-0.13313746224799505
2005-03-18 14:00:00,2.3,2.400539903312457,-0.10053990331245721
2005-03-18 15:00:00,3.4,2.5180271782522725,0.8819728217477274
2005-03-18 16:00:00,3.7,4.211184024105813,-0.5111840241058125
2005-03-18 17:00:00,4.1,4.1563557045686,-0.05635570456860073
2005-03-18 18:00:00,5.6,4.332318640443757,1.267681359556243
2005-03-18 19:00:00,5.3,5.117959785289035,0.1820402147109652
2005-03-18 20:00:00,4.9,4.395334989785668,0.5046650102143326
2005-03-18 21:00:00,2.0,3.643933694709769,-1.643933694709769
2005-03-18 22:00:00,1.9,1.8800986567549514,0.019901343245048553
2005-03-18 23:00:00,2.2,1.8749458855354448,0.32505411446455534
2005-03-19 00:00:00,1.9,1.823743916344375,0.07625608365562497
2005-03-19 01:00:00,1.1,1.5790730982900578,-0.47907309829005773
2005-03-19 02:00:00,1.0,0.9881279179546334,0.011872082045366605
2005-03-19 03:00:00,0.9,0.989291167507632,-0.089291167507632
2005-03-19 04:00:00,0.9,0.8998343301812332,0.00016566981876686704
2005-03-19 05:00:00,0.7,1.0970340226491953,-0.3970340226491953
2005-03-19 06:00:00,1.0,1.2540654060920597,-0.25406540609205974
2005-03-19 07:00:00,2.0,2.0621730564981178,-0.062173056498117774
2005-03-19 08:00:00,2.7,2.74729389824713,-0.04729389824712982
2005-03-19 09:00:00,2.5,2.751525303213839,-0.2515253032138389
2005-03-19 10:00:00,2.4,2.3590604604784606,0.04093953952153928
2005-03-19 11:00:00,2.2,2.2217708820058775,-0.02177088200587729
2005-03-19 12:00:00,2.1,2.14948210187909,-0.04948210187908986
2005-03-19 13:00:00,1.8,2.0964684144641477,-0.2964684144641476
2005-03-19 14:00:00,1.4,1.8475364104725576,-0.44753641047255766
2005-03-19 15:00:00,2.1,1.754099093556134,0.34590090644386606
2005-03-19 16:00:00,1.7,2.658277387908911,-0.9582773879089113
2005-03-19 17:00:00,1.9,2.048553715915112,-0.14855371591511224
2005-03-19 18:00:00,2.7,2.2200196338305425,0.4799803661694577
2005-03-19 19:00:00,3.2,2.9598266863844427,0.2401733136155575
2005-03-19 20:00:00,3.3,2.782663808680909,0.517336191319091
2005-03-19 21:00:00,2.3,2.4714341505571173,-0.17143415055711753
2005-03-19 22:00:00,1.9,2.081595852989126,-0.18159585298912617
2005-03-19 23:00:00,1.9,1.909087343522397,-0.00908734352239704
2005-03-20 00:00:00,1.9,1.683360441554375,0.21663955844562488
2005-03-20 01:00:00,1.5,1.6500877942897267,-0.15008779428972674
2005-03-20 02:00:00,1.1,1.3281215856614732,-0.22812158566147311
2005-03-20 03:00:00,1.1,1.0053383117700534,0.0946616882299467
2005-03-20 04:00:00,0.8,0.9115920105280242,-0.11159201052802414
2005-03-20 05:00:00,0.6,0.91643360666112,-0.31643360666111997
2005-03-20 06:00:00,0.7,0.8829563443088165,-0.18295634430881658
2005-03-20 07:00:00,0.7,1.1842371114445922,-0.48423711144459225
2005-03-20 08:00:00,1.0,1.065474621642536,-0.06547462164253592
2005-03-20 09:00:00,1.5,1.4767463385084598,0.02325366149154018
2005-03-20 10:00:00,2.4,2.2186075503773206,0.1813924496226793
2005-03-20 11:00:00,1.6,2.4823924948285003,-0.8823924948285002
2005-03-20 12:00:00,1.2,1.6489759475766357,-0.4489759475766357
2005-03-20 13:00:00,0.9,1.3317869278649868,-0.43178692786498674
2005-03-20 14:00:00,0.9,1.1137947553886243,-0.21379475538862425
2005-03-20 15:00:00,1.1,1.4388235977277524,-0.3388235977277523
2005-03-20 16:00:00,1.4,1.4741254676396576,-0.07412546763965766
2005-03-20 17:00:00,1.7,2.070841130230519,-0.370841130230519
2005-03-20 18:00:00,2.9,2.111508545571255,0.7884914544287449
2005-03-20 19:00:00,4.0,3.2190320538414916,0.7809679461585084
2005-03-20 20:00:00,4.0,3.3275360299372325,0.6724639700627675
2005-03-20 21:00:00,1.9,2.9687343704789173,-1.0687343704789174
2005-03-20 22:00:00,1.5,1.7970281188126875,-0.29702811881268754
2005-03-20 23:00:00,1.5,1.5867910767325881,-0.08679107673258812
2005-03-21 00:00:00,1.6,1.4421438560804463,0.15785614391955383
2005-03-21 01:00:00,1.1,1.424540068071496,-0.3245400680714958
2005-03-21 02:00:00,0.8,0.9387897439819812,-0.13878974398198118
2005-03-21 03:00:00,0.7,0.7521527888621793,-0.05215278886217933
2005-03-21 04:00:00,0.6,0.6934161691094956,-0.09341616910949557
2005-03-21 05:00:00,0.7,0.7655030542526191,-0.06550305425261915
2005-03-21 06:00:00,1.3,1.499289154097785,-0.19928915409778503
2005-03-21 07:00:00,3.2,3.008038944988367,0.19196105501163307
2005-03-21 08:00:00,6.1,4.134865136240034,1.9651348637599657
2005-03-21 09:00:00,4.3,4.638162469119773,-0.3381624691197729
2005-03-21 10:00:00,2.6,3.107077554121264,-0.5070775541212638
2005-03-21 11:00:00,2.0,2.275078813812866,-0.27507881381286614
2005-03-21 12:00:00,1.8,1.9768187262583221,-0.17681872625832207
2005-03-21 13:00:00,2.1,1.851591375050377,0.24840862494962312
2005-03-21 14:00:00,2.1,2.0807717437961224,0.01922825620387769
2005-03-21 15:00:00,2.0,2.1163599260382346,-0.11635992603823464
2005-03-21 16:00:00,2.6,2.3529526648922237,0.24704733510777643
2005-03-21 17:00:00,4.5,3.375548991148007,1.124451008851993
2005-03-21 18:00:00,6.4,4.52330472533568,1.8766952746643204
2005-03-21 19:00:00,6.0,5.453420076660472,0.5465799233395279
2005-03-21 20:00:00,3.8,4.323515487938115,-0.5235154879381154
2005-03-21 21:00:00,2.1,2.3311971730037375,-0.23119717300373743
2005-03-21 22:00:00,1.2,1.7408454758625325,-0.5408454758625325
2005-03-21 23:00:00,1.3,1.197261996349841,0.10273800365015906
2005-03-22 00:00:00,1.5,1.1687668425633433,0.3312331574366567
2005-03-22 01:00:00,0.9,1.2153637753422282,-0.31536377534222815
2005-03-22 02:00:00,0.7,0.7510457591782679,-0.051045759178267924
2005-03-22 03:00:00,0.5,0.6469722622851579,-0.14697226228515792
2005-03-22 04:00:00,0.6,0.5379850293044355,0.0620149706955645
2005-03-22 05:00:00,0.7,0.8827805563400775,-0.1827805563400775
2005-03-22 06:00:00,0.9,1.5664178191281624,-0.6664178191281623
2005-03-22 07:00:00,2.2,1.7112416507295203,0.4887583492704799
2005-03-22 08:00:00,4.7,3.2573685884194497,1.4426314115805505
2005-03-22 09:00:00,4.5,4.403907196543332,0.09609280345666793
2005-03-22 10:00:00,3.1,3.084255292219663,0.015744707780337208
2005-03-22 11:00:00,2.8,2.8830285813929977,-0.08302858139299785
2005-03-22 12:00:00,2.4,2.5796830854995623,-0.17968308549956236
2005-03-22 13:00:00,2.5,2.324959108905811,0.1750408910941892
2005-03-22 14:00:00,2.0,2.4238094065166957,-0.42380940651669574
2005-03-22 15:00:00,1.7,2.1929672297312734,-0.4929672297312735
2005-03-22 16:00:00,1.7,2.126344100359721,-0.42634410035972103
2005-03-22 17:00:00,3.3,2.1316545805369986,1.1683454194630012
2005-03-22 18:00:00,4.5,4.378677753665363,0.12132224633463728
2005-03-22 19:00:00,5.8,4.004828327083443,1.795171672916557
2005-03-22 20:00:00,4.3,4.184045987642245,0.11595401235775515
2005-03-22 21:00:00,3.0,2.5735439914813387,0.4264560085186613
2005-03-22 22:00:00,2.8,2.3170703460667705,0.4829296539332293
2005-03-22 23:00:00,2.7,2.095544069575142,0.6044559304248582
2005-03-23 00:00:00,2.4,1.9995729698383908,0.4004270301616091
2005-03-23 01:00:00,2.2,1.8745998131940016,0.3254001868059986
2005-03-23 02:00:00,2.0,1.8377021641600202,0.1622978358399798
2005-03-23 03:00:00,2.0,1.6638909556113821,0.3361090443886179
2005-03-23 04:00:00,0.5,1.6807177338963875,-1.1807177338963875
2005-03-23 05:00:00,0.7,0.7440604684222935,-0.0440604684222935
2005-03-23 06:00:00,1.2,1.8605153443503355,-0.6605153443503355
2005-03-23 07:00:00,3.9,2.7475155338982646,1.1524844661017353
2005-03-23 08:00:00,4.9,4.65538294900443,0.2446170509955703
2005-03-23 09:00:00,4.6,4.105893904816814,0.49410609518318527
2005-03-23 10:00:00,3.4,3.6101859495500155,-0.21018594955001557
2005-03-23 11:00:00,2.0,2.905258910849388,-0.9052589108493878
2005-03-23 12:00:00,1.9,1.9931225942912842,-0.09312259429128433
2005-03-23 13:00:00,2.4,2.073291515248446,0.326708484751554
2005-03-23 14:00:00,2.4,2.428111221181893,-0.028111221181893242
2005-03-23 15:00:00,2.2,2.4837553475457006,-0.2837553475457004
2005-03-23 16:00:00,2.5,2.726982986609515,-0.226982986609515
2005-03-23 17:00:00,3.9,3.1820468658549523,0.7179531341450476
2005-03-23 18:00:00,6.2,4.50838883589895,1.69161116410105
2005-03-23 19:00:00,7.2,5.502974940004507,1.697025059995493
2005-03-23 20:00:00,3.9,4.822623396562046,-0.9226233965620465
2005-03-23 21:00:00,2.4,2.7091143761263767,-0.3091143761263768
2005-03-23 22:00:00,2.3,1.91803512888806,0.3819648711119399
2005-03-23 23:00:00,1.9,2.102301245658846,-0.202301245658846
2005-03-24 00:00:00,1.7,1.6186602404093007,0.08133975959069928
2005-03-24 01:00:00,0.9,1.4585471951888989,-0.5585471951888988
2005-03-24 02:00:00,0.7,0.9414748939399641,-0.24147489393996413
2005-03-24 03:00:00,0.5,0.792785804313572,-0.29278580431357204
2005-03-24 04:00:00,0.4,0.6160138460623982,-0.21601384606239815
2005-03-24 05:00:00,0.4,0.7398554627329206,-0.33985546273292055
2005-03-24 06:00:00,0.7,1.087911720007952,-0.38791172000795204
2005-03-24 07:00:00,3.1,2.246192582622471,0.8538074173775292
2005-03-24 08:00:00,3.4,4.498543581437575,-1.0985435814375752
2005-03-24 09:00:00,3.5,2.889565193692428,0.610434806307572
2005-03-24 10:00:00,3.2,3.2773360940944163,-0.07733609409441611
2005-03-24 11:00:00,3.2,3.074751720326806,0.12524827967319396
2005-03-24 12:00:00,3.3,3.321429848907705,-0.021429848907705384
2005-03-24 13:00:00,3.0,3.153981441642844,-0.153981441642844
2005-03-24 14:00:00,2.0,2.9062086399878657,-0.9062086399878657
2005-03-24 15:00:00,2.3,2.220010268726061,0.0799897312739386
2005-03-24 16:00:00,2.2,2.80172728062707,-0.6017272806270699
2005-03-24 17:00:00,2.7,2.6741385140959224,0.025861485904077774
2005-03-24 18:00:00,5.9,3.376433588485459,2.5235664115145413
2005-03-24 19:00:00,7.5,5.279411997652637,2.2205880023473634
2005-03-24 20:00:00,5.0,5.6351141868488055,-0.6351141868488055
2005-03-24 21:00:00,4.0,3.5427737664313543,0.45722623356864567
2005-03-24 22:00:00,2.7,3.058074960296811,-0.35807496029681074
2005-03-24 23:00:00,2.0,2.121787344662666,-0.12178734466266583
2005-03-25 00:00:00,1.5,1.6576120469836915,-0.15761204698369147
2005-03-25 01:00:00,1.0,1.4424541421199275,-0.4424541421199275
2005-03-25 02:00:00,1.0,0.985015796921898,0.014984203078101999
2005-03-25 03:00:00,0.9,1.0745444744131845,-0.17454447441318444
2005-03-25 04:00:00,0.8,0.9475939517087938,-0.14759395170879375
2005-03-25 05:00:00,0.6,1.0437834838054387,-0.44378348380543875
2005-03-25 06:00:00,1.0,1.2007331836853248,-0.20073318368532478
2005-03-25 07:00:00,3.2,2.7209362395249475,0.4790637604750527
2005-03-25 08:00:00,4.3,4.2422004100839965,0.05779958991600331
2005-03-25 09:00:00,2.7,3.6679662894306375,-0.9679662894306373
2005-03-25 10:00:00,1.6,2.500699221666596,-0.9006992216665961
2005-03-25 11:00:00,1.4,1.9178159574590625,-0.5178159574590626
2005-03-25 12:00:00,2.3,2.362453102009778,-0.06245310200977805
2005-03-25 13:00:00,2.1,3.148862079056143,-1.0488620790561427
2005-03-25 14:00:00,1.4,2.175033661655809,-0.7750336616558089
2005-03-25 15:00:00,3.4,2.191033744937799,1.208966255062201
2005-03-25 16:00:00,3.8,3.9872513312938698,-0.18725133129386995
2005-03-25 17:00:00,4.9,4.388173752993017,0.511826247006983
2005-03-25 18:00:00,5.7,5.075265294631566,0.624734705368434
2005-03-25 19:00:00,5.5,5.225011336731392,0.2749886632686076
2005-03-25 20:00:00,3.9,4.2054192428799935,-0.30541924287999356
2005-03-25 21:00:00,3.1,2.9234966837009444,0.1765033162990557
2005-03-25 22:00:00,2.0,2.688484167944466,-0.6884841679444662
2005-03-25 23:00:00,2.5,1.9148668477920818,0.5851331522079182
2005-03-26 00:00:00,2.2,2.215384831343076,-0.015384831343075778
2005-03-26 01:00:00,1.5,1.8402152689738756,-0.34021526897387555
2005-03-26 02:00:00,1.2,1.5240295664259473,-0.3240295664259474
2005-03-26 03:00:00,1.2,1.2168483702777058,-0.016848370277705804
2005-03-26 04:00:00,0.8,1.242111374584297,-0.44211137458429706
2005-03-26 05:00:00,0.1,1.040146176649752,-0.940146176649752
2005-03-26 06:00:00,1.1,0.7470871687923873,0.35291283120761274
2005-03-26 07:00:00,1.7,1.7301419723452647,-0.030141972345264723
2005-03-26 08:00:00,2.1,2.467161858743366,-0.36716185874336604
2005-03-26 09:00:00,2.3,1.9913424684195538,0.30865753158044607
2005-03-26 10:00:00,2.1,2.3034156826679153,-0.2034156826679152
2005-03-26 11:00:00,1.9,2.063932495169689,-0.16393249516968922
2005-03-26 12:00:00,1.7,2.1402640682627343,-0.44026406826273434
2005-03-26 13:00:00,1.3,1.8060620455174579,-0.5060620455174578
2005-03-26 14:00:00,1.3,1.5146575555317616,-0.21465755553176158
2005-03-26 15:00:00,1.6,1.956526114736531,-0.35652611473653084
2005-03-26 16:00:00,2.2,1.9535905652134593,0.24640943478654087
2005-03-26 17:00:00,2.3,2.5731021637833016,-0.27310216378330177
2005-03-26 18:00:00,2.2,2.5068162933276725,-0.30681629332767235
2005-03-26 19:00:00,2.0,2.075827953662336,-0.07582795366233608
2005-03-26 20:00:00,2.3,1.889412189245297,0.41058781075470274
2005-03-26 21:00:00,2.2,2.0732520942765045,0.1267479057234957
2005-03-26 22:00:00,1.6,2.0398365036412547,-0.4398365036412546
2005-03-26 23:00:00,1.6,1.7030921540875585,-0.10309215408755845
2005-03-27 00:00:00,1.3,1.5121648789814754,-0.2121648789814754
2005-03-27 01:00:00,1.0,1.1590455790833523,-0.15904557908335226
2005-03-27 02:00:00,1.0,0.8814661996725457,0.11853380032745431
2005-03-27 03:00:00,1.0,0.9331819086878741,0.0668180913121259
2005-03-27 04:00:00,0.8,0.86172853551332,-0.061728535513319915
2005-03-27 05:00:00,0.7,0.9457752644059803,-0.2457752644059803
2005-03-27 06:00:00,1.1,1.1589862153070258,-0.05898621530702575
2005-03-27 07:00:00,1.1,2.1911962748806495,-1.0911962748806494
2005-03-27 08:00:00,1.1,1.349405007924198,-0.24940500792419784
2005-03-27 09:00:00,1.4,1.3956999822704566,0.0043000177295433595
2005-03-27 10:00:00,1.3,1.938482801874481,-0.638482801874481
2005-03-27 11:00:00,1.5,1.609298745011139,-0.1092987450111389
2005-03-27 12:00:00,1.3,1.7008567122464173,-0.4008567122464173
2005-03-27 13:00:00,0.8,1.443683970233568,-0.6436839702335679
2005-03-27 14:00:00,0.9,1.0072043208573391,-0.10720432085733911
2005-03-27 15:00:00,1.4,1.1679218632026085,0.23207813679739142
2005-03-27 16:00:00,1.8,2.0298487287965186,-0.22984872879651852
2005-03-27 17:00:00,1.6,2.186810416941857,-0.5868104169418569
2005-03-27 18:00:00,1.8,1.9646198370169852,-0.16461983701698513
2005-03-27 19:00:00,2.1,1.8173143549553568,0.28268564504464333
2005-03-27 20:00:00,1.9,1.8910435366477558,0.008956463352244093
2005-03-27 21:00:00,1.7,1.7775894976921771,-0.07758949769217716
2005-03-27 22:00:00,1.9,1.670457805139324,0.22954219486067595
2005-03-27 23:00:00,1.6,1.8413475961072236,-0.24134759610722356
2005-03-28 00:00:00,1.2,1.4332042769560933,-0.23320427695609336
2005-03-28 01:00:00,1.0,0.9862408553623515,0.01375914463764849
2005-03-28 02:00:00,1.0,0.9035199603299976,0.0964800396700024
2005-03-28 03:00:00,0.8,0.9305252509148159,-0.13052525091481582
2005-03-28 04:00:00,0.6,0.7086981564962201,-0.10869815649622017
2005-03-28 05:00:00,0.6,0.788269469269303,-0.188269469269303
2005-03-28 06:00:00,1.0,1.1431065433813472,-0.1431065433813472
2005-03-28 07:00:00,1.0,2.086780029708405,-1.0867800297084051
2005-03-28 08:00:00,1.3,1.3461623692797184,-0.046162369279718396
2005-03-28 09:00:00,1.5,1.6336691819512035,-0.13366918195120348
2005-03-28 10:00:00,1.6,1.8444631978412265,-0.2444631978412264
2005-03-28 11:00:00,1.4,1.7400947601451073,-0.3400947601451074
2005-03-28 12:00:00,1.4,1.6173646185885973,-0.21736461858859735
2005-03-28 13:00:00,1.2,1.5391091427758885,-0.33910914277588855
2005-03-28 14:00:00,1.3,1.5205118933138102,-0.22051189331381016
2005-03-28 15:00:00,1.4,1.6100714262024183,-0.21007142620241837
2005-03-28 16:00:00,1.6,1.8613294269106744,-0.2613294269106743
2005-03-28 17:00:00,2.8,2.335866997042728,0.46413300295727167
2005-03-28 18:00:00,3.7,3.6007240494420634,0.09927595055793681
2005-03-28 19:00:00,2.9,3.67132334510386,-0.7713233451038599
2005-03-28 20:00:00,1.8,2.1588796899339706,-0.35887968993397057
2005-03-28 21:00:00,1.6,1.6833971205443439,-0.08339712054434378
2005-03-28 22:00:00,1.7,1.6625792394177685,0.03742076058223143
2005-03-28 23:00:00,1.5,1.6350558688611263,-0.1350558688611263
2005-03-29 00:00:00,1.0,1.3209468811591367,-0.3209468811591367
2005-03-29 01:00:00,0.8,0.8683993260606031,-0.06839932606060306
2005-03-29 02:00:00,0.5,0.7136842611053618,-0.21368426110536176
2005-03-29 03:00:00,0.5,0.5260993063989808,-0.026099306398980837
2005-03-29 04:00:00,0.5,0.580868165516688,-0.08086816551668796
2005-03-29 05:00:00,1.0,0.8516832232749675,0.14831677672503252
2005-03-29 06:00:00,3.0,2.6824124628269512,0.3175875371730488
2005-03-29 07:00:00,5.1,4.1982055738521336,0.9017944261478661
2005-03-29 08:00:00,4.3,4.195961372315011,0.1040386276849885
2005-03-29 09:00:00,3.3,3.3249606077734417,-0.02496060777344189
2005-03-29 10:00:00,2.4,2.847479460692553,-0.44747946069255295
2005-03-29 11:00:00,2.4,2.162208124050001,0.23779187594999884
2005-03-29 12:00:00,2.5,2.3484191106839702,0.15158088931602975
2005-03-29 13:00:00,2.3,2.3908069364612357,-0.09080693646123583
2005-03-29 14:00:00,2.7,2.373923742651522,0.3260762573484781
2005-03-29 15:00:00,2.7,2.9736704395162685,-0.27367043951626835
2005-03-29 16:00:00,3.3,3.131548226318085,0.16845177368191466
2005-03-29 17:00:00,3.9,4.116767463113214,-0.21676746311321393
2005-03-29 18:00:00,2.6,4.104957941194372,-1.5049579411943719
2005-03-29 19:00:00,3.2,2.5206852840116616,0.6793147159883386
2005-03-29 20:00:00,2.3,2.9385969265568206,-0.6385969265568208
2005-03-29 21:00:00,1.4,2.0347304189867206,-0.6347304189867207
2005-03-29 22:00:00,1.1,1.4217100724406184,-0.32171007244061833
2005-03-29 23:00:00,1.2,1.2930319906223278,-0.09303199062232781
2005-03-30 00:00:00,0.9,1.038997499817766,-0.138997499817766
2005-03-30 01:00:00,0.7,0.7636604980882841,-0.06366049808828411
2005-03-30 02:00:00,0.5,0.6720147720803716,-0.17201477208037164
2005-03-30 03:00:00,0.4,0.5959027733269204,-0.1959027733269204
2005-03-30 04:00:00,0.5,0.5515156388850874,-0.05151563888508737
2005-03-30 05:00:00,0.8,0.907572805940563,-0.10757280594056295
2005-03-30 06:00:00,2.3,1.728964242587987,0.5710357574120128
2005-03-30 07:00:00,2.9,3.74490068000639,-0.8449006800063903
2005-03-30 08:00:00,3.1,3.0905399388327726,0.00946006116722753
2005-03-30 09:00:00,2.7,3.087031906789336,-0.38703190678933597
2005-03-30 10:00:00,1.8,2.3846505163657095,-0.5846505163657094
2005-03-30 11:00:00,1.9,1.869087806584415,0.030912193415584932
2005-03-30 12:00:00,1.8,2.124114632015256,-0.32411463201525614
2005-03-30 13:00:00,1.8,1.945319016854328,-0.1453190168543279
2005-03-30 14:00:00,1.8,1.9226508709318457,-0.12265087093184568
2005-03-30 15:00:00,1.7,2.0008930362946176,-0.3008930362946176
2005-03-30 16:00:00,3.2,2.157724404694887,1.0422755953051133
2005-03-30 17:00:00,3.4,4.152368345472635,-0.7523683454726346
2005-03-30 18:00:00,4.2,3.819503114585351,0.3804968854146491
2005-03-30 19:00:00,3.5,4.007362111450281,-0.5073621114502807
2005-03-30 20:00:00,2.0,2.5949472732287027,-0.5949472732287027
2005-03-30 21:00:00,1.4,1.8551582118632108,-0.4551582118632109
2005-03-30 22:00:00,1.5,1.6111968332401294,-0.11119683324012941
2005-03-30 23:00:00,1.2,1.5811948348939628,-0.3811948348939629
2005-03-31 00:00:00,1.1,1.0158144785499976,0.08418552145000247
2005-03-31 01:00:00,0.7,0.9816336284339524,-0.28163362843395245
2005-03-31 02:00:00,0.6,0.6334854241757959,-0.03348542417579592
2005-03-31 03:00:00,0.5,0.5851131454516291,-0.08511314545162907
2005-03-31 04:00:00,0.6,0.5708982187132083,0.02910178128679164
2005-03-31 05:00:00,0.9,0.995735214554024,-0.095735214554024
2005-03-31 06:00:00,4.0,2.596504390403835,1.403495609596165
2005-03-31 07:00:00,4.1,5.024973434843918,-0.9249734348439187
2005-03-31 08:00:00,1.9,3.0205102808999538,-1.1205102808999539
2005-03-31 09:00:00,1.3,1.8597695443335285,-0.5597695443335284
2005-03-31 10:00:00,1.2,1.3805429356711887,-0.18054293567118873
2005-03-31 11:00:00,1.2,1.3199034759103323,-0.11990347591033235
2005-03-31 12:00:00,1.2,1.4166305694274972,-0.21663056942749725
2005-03-31 13:00:00,0.9,1.4260675498022648,-0.5260675498022648
2005-03-31 14:00:00,1.0,1.227206772110172,-0.22720677211017204
2005-03-31 15:00:00,1.1,1.3856744909686736,-0.2856744909686735
2005-03-31 16:00:00,1.5,1.5050643162205228,-0.005064316220522835
2005-03-31 17:00:00,2.1,2.4148638942079588,-0.3148638942079587
2005-03-31 18:00:00,2.1,2.462080549283818,-0.3620805492838177
2005-03-31 19:00:00,1.5,1.984093625169655,-0.48409362516965504
2005-03-31 20:00:00,1.0,1.4858855616889715,-0.48588556168897146
2005-03-31 21:00:00,0.8,1.1422477611881894,-0.34224776118818934
2005-03-31 22:00:00,0.8,1.0517250935548708,-0.2517250935548707
2005-03-31 23:00:00,0.7,1.0222294942503127,-0.3222294942503128
2005-04-01 00:00:00,0.6,0.6153040137621968,-0.01530401376219681
2005-04-01 01:00:00,0.5,0.5623005197624096,-0.06230051976240958
2005-04-01 02:00:00,0.5,0.5905229300591565,-0.09052293005915646
2005-04-01 03:00:00,0.5,0.505764895283532,-0.005764895283531968
2005-04-01 04:00:00,0.5,0.5254594029067463,-0.02545940290674631
2005-04-01 05:00:00,0.6,0.8061053264271362,-0.2061053264271362
2005-04-01 06:00:00,1.5,1.3857684887186705,0.11423151128132947
2005-04-01 07:00:00,1.9,2.9421156356610516,-1.0421156356610517
2005-04-01 08:00:00,1.3,2.060001502099815,-0.7600015020998148
2005-04-01 09:00:00,1.0,1.3599535895986112,-0.35995358959861123
2005-04-01 10:00:00,1.0,1.1976442886056675,-0.19764428860566752
2005-04-01 11:00:00,1.1,1.201409977884665,-0.10140997788466488
2005-04-01 12:00:00,1.3,1.2005353831406311,0.09946461685936892
2005-04-01 13:00:00,1.0,1.450376958285749,-0.4503769582857491
2005-04-01 14:00:00,1.1,1.290804120227156,-0.19080412022715598
2005-04-01 15:00:00,1.4,1.381455497919845,0.0185445020801549
2005-04-01 16:00:00,1.5,1.8296814327926387,-0.32968143279263873
2005-04-01 17:00:00,1.6,1.840310454429243,-0.24031045442924293
2005-04-01 18:00:00,2.2,2.000409477474711,0.19959052252528897
2005-04-01 19:00:00,1.4,2.3495957002810064,-0.9495957002810065
2005-04-01 20:00:00,0.9,1.2621712130137013,-0.36217121301370125
2005-04-01 21:00:00,0.8,1.0320974202204332,-0.23209742022043311
2005-04-01 22:00:00,1.1,1.1070273588343116,-0.007027358834311492
2005-04-01 23:00:00,1.5,1.3487653405199997,0.15123465948000026
2005-04-02 00:00:00,1.1,1.5032255696635504,-0.4032255696635503
2005-04-02 01:00:00,0.6,0.9013908542244894,-0.3013908542244894
2005-04-02 02:00:00,0.5,0.6087836037174477,-0.10878360371744766
2005-04-02 03:00:00,0.4,0.5951222683308026,-0.1951222683308026
2005-04-02 04:00:00,0.4,0.4726022348793511,-0.07260223487935108
2005-04-02 05:00:00,0.6,0.621913234882793,-0.021913234882793065
2005-04-02 06:00:00,0.9,1.399596097491647,-0.499596097491647
2005-04-02 07:00:00,0.9,1.5842869827669561,-0.6842869827669561
2005-04-02 08:00:00,0.8,1.0904950733320014,-0.2904950733320013
2005-04-02 09:00:00,1.0,1.0018377270493295,-0.0018377270493294962
2005-04-02 10:00:00,0.8,1.1224790691019115,-0.3224790691019115
2005-04-02 11:00:00,0.8,1.0009512984740414,-0.20095129847404136
2005-04-02 12:00:00,1.0,1.0118626441421723,-0.011862644142172307
2005-04-02 13:00:00,0.8,1.2094805379860727,-0.40948053798607265
2005-04-02 14:00:00,0.8,1.1002155655544843,-0.30021556555448425
2005-04-02 15:00:00,0.9,1.129688197317155,-0.22968819731715506
2005-04-02 16:00:00,1.1,1.2634325381389366,-0.16343253813893655
2005-04-02 17:00:00,1.1,1.4309510964765757,-0.3309510964765756
2005-04-02 18:00:00,1.2,1.3660894504185,-0.16608945041849998
2005-04-02 19:00:00,1.1,1.3308429141443954,-0.23084291414439528
2005-04-02 20:00:00,0.8,1.1726968936105748,-0.3726968936105748
2005-04-02 21:00:00,0.7,1.0184851989667227,-0.3184851989667228
2005-04-02 22:00:00,0.7,1.0221042895962016,-0.32210428959620163
2005-04-02 23:00:00,0.8,1.0438851261218063,-0.24388512612180624
2005-04-03 00:00:00,0.8,0.7395979804791657,0.06040201952083435
2005-04-03 01:00:00,0.7,0.7466213171467119,-0.046621317146711916
2005-04-03 02:00:00,0.8,0.7831689661039605,0.01683103389603957
2005-04-03 03:00:00,0.5,0.8653529997040921,-0.3653529997040921
2005-04-03 04:00:00,0.3,0.4444005425184311,-0.1444005425184311
2005-04-03 05:00:00,0.4,0.4400259297915065,-0.04002592979150649
2005-04-03 06:00:00,0.6,0.7128309377509212,-0.11283093775092123
2005-04-03 07:00:00,0.7,1.1674355611857106,-0.4674355611857106
2005-04-03 08:00:00,1.2,0.9970745940088609,0.20292540599113906
2005-04-03 09:00:00,1.4,1.8640327698915886,-0.4640327698915887
2005-04-03 10:00:00,1.3,1.3951021413278397,-0.09510214132783967
2005-04-03 11:00:00,1.4,1.3007942271651254,0.09920577283487453
2005-04-03 12:00:00,1.0,1.3556159637118166,-0.3556159637118166
2005-04-03 13:00:00,1.0,1.09374896125679,-0.09374896125679011
2005-04-03 14:00:00,1.1,1.1486035290013492,-0.04860352900134912
2005-04-03 15:00:00,1.3,1.2366241719432434,0.06337582805675668
2005-04-03 16:00:00,1.4,1.6635527983577463,-0.26355279835774637
2005-04-03 17:00:00,1.2,1.7558784899001387,-0.5558784899001388
2005-04-03 18:00:00,2.7,1.515684410831705,1.1843155891682953
2005-04-03 19:00:00,2.5,3.0099076414610306,-0.5099076414610306
2005-04-03 20:00:00,1.5,1.9899743629990758,-0.4899743629990758
2005-04-03 21:00:00,1.6,1.581406498286791,0.01859350171320906
2005-04-03 22:00:00,1.2,1.6786788377924675,-0.47867883779246756
2005-04-03 23:00:00,0.9,1.411179822692142,-0.5111798226921419
2005-04-04 00:00:00,0.6,0.8291157840991992,-0.2291157840991992
2005-04-04 01:00:00,0.5,0.4554785948216145,0.04452140517838549
2005-04-04 02:00:00,0.4,0.515134094180183,-0.11513409418018294
2005-04-04 03:00:00,0.4,0.4643937254123557,-0.06439372541235566
2005-04-04 04:00:00,0.5,0.42125480036395974,0.07874519963604026
2005-04-04 05:00:00,1.1,0.8044835343491569,0.2955164656508432
2005-04-04 06:00:00,4.0,2.857652370822534,1.1423476291774661
2005-04-04 07:00:00,5.0,4.530834334933806,0.4691656650661944
2005-04-04 08:00:00,3.9,4.095330609302172,-0.19533060930217205
2005-04-04 09:00:00,3.1,2.761535414219147,0.33846458578085326
2005-04-04 10:00:00,2.4,3.109018481363678,-0.7090184813636782
2005-04-04 11:00:00,2.4,2.1195560251034893,0.28044397489651063
2005-04-04 12:00:00,2.1,2.3211524181078858,-0.22115241810788566
2005-04-04 13:00:00,2.2,2.0754058469423438,0.12459415305765642
